TOC,AGE,ENQU,CAT,s1,s2,s3,s4,s5,s6,s7,s8,s9,s10,s11,s12,s13,s14,s15,s16,s17,s18,s19,s20,s21,s22,s23,s24,s25,s26,s27,s28,s29,s30,s31,s32,s33,s34,s35,s36,s37,s38,s39,s40,q1,q2,q3,q4,q5,q6,q7,q8,q9,q10,q11,q12,q13,q14,q15,q16,q17,q18,q19,q20,q21,q22,q23,q24,q25,q26,q27,q28,q29,q30,q31,q32,q33,q34,q35,q36,q37,q38,q39,q40,q41,q42,q43,q44,q45,q46,q47,q48,q49,q50
2,3,2,18,4,1,4,1,1,2,1,1,1,2,4,1,1,1,1,4,4,1,1,4,4,4,4,4,4,1,1,1,1,1,4,1,4,1,1,4,4,4,4,1,4,2,4,2,0,2,3,3,2,2,2,0,0,3,1,4,1,4,1,1,0,4,4,3,3,0,2,3,1,2,0,3,3,2,4,1,2,2,2,4,1,0,0,2,0,0,0,3,3,3
2,3,3,22,4,1,1,1,1,4,1,1,1,2,4,1,1,1,1,4,4,1,1,4,4,4,4,4,4,1,1,1,1,1,4,1,4,2,2,4,4,4,4,1,1,0,1,2,3,4,2,2,4,2,3,0,3,2,1,4,2,2,3,4,0,2,1,1,1,2,1,2,4,1,2,3,1,1,1,1,2,4,2,1,1,3,4,4,2,4,2,1,2,1
1,1,1,14,4,1,3,1,1,1,4,2,4,3,4,4,3,2,2,4,4,4,2,4,4,4,3,4,4,3,2,1,1,1,4,1,4,2,2,4,4,4,4,1,3,4,3,3,1,4,0,3,1,2,1,4,2,2,4,4,2,2,2,2,1,1,1,3,2,2,4,0,2,2,3,1,1,3,2,1,3,3,3,4,0,4,2,1,4,1,3,2,1,3
2,3,2,35,1,1,1,1,1,2,2,1,1,4,4,4,1,2,1,4,4,4,1,2,4,4,4,4,4,2,1,1,1,2,1,1,4,1,2,4,4,4,4,4,1,2,4,1,4,1,1,3,2,2,3,3,3,1,1,2,2,3,1,3,2,2,2,2,3,2,2,2,4,1,2,3,1,1,3,2,3,1,2,4,1,3,3,1,4,1,3,2,1,3
2,2,2,34,4,1,1,1,1,2,1,1,1,4,4,4,3,1,1,4,4,4,1,2,4,4,4,4,4,2,1,1,1,2,1,1,2,2,1,4,4,4,4,4,1,2,4,1,3,0,1,1,3,4,2,1,3,3,1,4,3,3,1,3,2,2,1,2,1,2,2,2,4,1,2,3,1,4,4,2,3,1,2,4,1,3,3,1,4,1,3,2,1,2
2,2,2,34,4,1,1,1,1,2,1,1,1,4,4,4,1,3,1,4,4,4,1,2,4,4,4,4,4,2,1,1,1,2,1,1,2,3,2,4,4,4,4,4,1,2,3,1,3,1,1,3,4,2,1,3,3,3,1,4,3,3,1,0,2,2,1,2,1,2,2,2,4,1,2,3,1,4,4,2,3,1,2,4,1,3,3,1,4,1,3,2,1,2
1,3,3,13,2,2,3,1,2,4,3,1,2,4,4,4,1,3,1,4,4,4,3,4,4,4,4,2,2,3,1,2,3,4,1,1,3,1,1,4,4,4,4,4,3,1,4,2,4,0,2,2,4,2,3,1,1,3,4,4,3,4,2,1,3,4,4,4,2,4,3,3,3,4,3,2,2,3,1,2,2,2,4,4,1,3,4,2,3,1,2,2,2,3
2,1,0,21,4,4,1,1,4,2,4,2,1,3,4,4,4,4,4,4,4,1,1,3,4,4,0,4,4,1,4,4,4,4,4,3,3,1,3,4,1,3,4,4,1,1,2,2,0,4,2,3,3,3,1,0,0,0,1,2,4,1,1,4,1,3,0,2,1,2,2,2,1,3,3,3,3,3,3,4,3,4,4,2,1,3,2,4,1,1,4,2,1,3
1,2,1,18,3,4,3,3,4,3,3,4,3,4,3,3,2,2,3,4,3,2,3,2,2,3,3,2,4,3,2,4,3,2,4,3,4,2,4,4,3,2,4,3,3,2,2,3,3,1,2,3,3,3,3,3,2,0,1,3,2,3,4,2,2,3,1,2,1,3,1,4,0,3,2,3,2,2,0,4,2,1,3,3,1,2,3,3,2,3,3,2,3,2
2,2,2,15,1,1,1,1,4,1,4,1,4,1,4,1,2,4,1,4,4,1,2,2,4,4,4,1,1,1,1,1,3,2,4,4,4,1,4,4,4,4,4,4,1,3,2,1,1,4,3,2,4,2,1,3,3,3,1,2,4,4,4,0,1,2,4,2,2,4,2,2,2,2,1,3,3,1,4,4,1,2,1,4,1,2,4,2,4,3,4,1,2,2
1,2,3,18,4,1,1,1,1,1,1,1,1,1,4,1,1,2,1,4,4,4,1,1,4,4,1,1,2,1,1,1,1,1,4,1,1,1,1,4,2,4,2,4,1,2,0,1,3,3,4,4,1,2,1,1,3,3,1,1,1,2,4,2,2,4,3,3,4,2,3,1,1,3,1,4,2,1,3,4,2,2,3,1,1,4,3,1,4,1,0,3,1,3
1,1,2,19,1,1,1,1,1,1,3,3,3,3,4,4,1,3,1,1,1,1,1,1,1,1,1,1,1,1,1,1,1,1,1,1,1,3,1,3,1,3,1,3,3,3,2,3,2,4,2,1,4,2,3,1,4,3,1,2,2,2,4,1,2,3,4,2,1,2,2,2,1,1,2,3,1,1,2,4,3,2,1,1,1,3,3,4,4,4,4,2,1,3
1,1,2,18,2,3,3,2,1,4,4,4,4,4,4,4,1,4,3,4,3,4,2,2,4,4,4,4,4,1,1,4,1,2,2,3,2,1,3,1,4,0,2,4,1,3,1,2,0,4,4,1,4,2,2,1,2,3,4,4,1,4,4,2,4,3,1,1,4,2,1,4,1,2,23,3,2,4,4,3,2,1,2,1,2,3,2,4,4,4,3,2,2,3
1,2,3,23,3,4,1,1,1,2,1,2,2,2,4,4,3,2,1,4,4,3,2,2,4,4,4,4,3,1,2,2,1,3,1,1,2,1,1,4,4,3,1,4,4,2,2,4,2,2,4,4,2,3,3,1,3,1,1,4,2,2,1,1,1,4,1,3,3,2,2,4,1,4,1,1,3,3,2,4,3,3,3,3,2,2,2,3,1,4,2,2,1,3
1,2,3,23,4,4,3,0,2,4,1,0,1,0,4,1,1,1,1,1,4,1,1,1,4,1,1,1,1,1,1,1,1,1,1,1,1,1,1,1,1,1,1,1,2,4,2,3,2,3,1,2,2,2,2,1,3,1,3,1,2,3,4,3,2,4,4,3,3,0,2,14,2,2,2,4,2,4,1,1,3,4,3,4,14,4,3,2,2,2,2,4,4,21
1,2,3,19,4,1,3,1,2,3,3,3,2,2,4,4,3,3,4,4,4,3,3,3,4,4,4,4,4,4,4,2,4,4,1,3,1,1,1,4,3,4,4,4,1,3,2,4,2,1,4,1,0,2,3,1,4,1,1,3,2,2,3,1,4,3,4,1,2,3,3,3,4,1,1,3,1,3,1,3,2,2,1,3,3,1,1,4,3,4,3,1,1,4
2,1,2,24,4,1,1,1,2,4,4,2,4,4,4,4,1,4,3,4,4,4,3,2,4,4,4,4,4,2,2,3,2,2,2,4,3,4,4,1,1,1,1,4,1,2,2,3,2,1,4,2,3,2,3,2,2,3,1,4,4,3,4,1,1,3,2,2,3,3,1,4,1,1,2,3,2,3,4,13,1,3,2,4,3,3,2,3,4,2,3,1,2,3
1,2,1,16,2,4,1,1,2,1,1,1,2,2,4,4,1,2,2,3,4,1,1,3,4,4,2,4,1,3,4,1,1,1,1,1,4,4,4,4,3,4,4,4,3,4,2,2,2,4,1,1,2,2,2,1,2,2,1,3,4,1,4,2,4,4,4,1,2,2,3,2,2,2,1,3,1,3,3,2,2,2,3,2,1,2,1,1,3,4,1,3,3,3
1,1,3,17,4,3,3,4,4,4,4,4,4,4,4,4,3,4,4,4,3,3,2,4,4,4,4,4,4,4,4,3,1,1,4,3,2,4,1,4,4,4,4,4,4,3,3,4,3,2,3,1,1,2,2,1,3,2,2,4,3,2,3,1,0,2,3,2,1,2,1,3,4,4,1,1,4,3,1,4,3,3,2,2,3,3,2,1,4,4,3,2,1,3
1,1,3,16,4,3,1,2,4,1,2,4,1,1,1,2,1,2,4,4,1,2,3,4,4,1,2,4,2,4,1,4,1,1,2,1,4,3,2,4,1,1,4,2,3,4,2,3,2,2,4,2,3,1,2,2,2,3,2,3,2,4,3,2,2,2,3,2,1,2,2,3,2,3,2,3,2,2,2,2,2,1,2,3,3,2,2,1,1,2,2,2,2,2
2,1,3,19,4,2,4,4,2,2,1,0,1,3,3,3,2,1,3,1,3,3,3,3,1,3,3,3,3,3,3,1,1,3,1,1,1,1,1,3,1,3,3,1,3,4,1,2,2,3,3,3,2,2,4,1,3,3,1,2,2,1,1,4,4,3,4,3,1,2,2,4,1,2,3,1,3,2,2,2,4,3,2,3,3,4,4,4,4,4,3,2,2,3
2,3,3,25,2,1,1,1,2,1,1,1,2,4,4,1,1,1,1,4,2,2,1,1,4,4,4,4,4,4,4,1,1,4,1,4,4,4,1,1,4,1,1,4,3,2,2,2,1,2,3,1,1,2,2,1,3,1,1,1,2,3,1,4,2,2,2,2,4,2,2,2,2,2,2,1,1,2,4,2,3,2,3,3,1,3,3,3,2,1,3,0,1,2
2,3,2,23,2,4,1,1,2,2,2,1,2,2,4,3,1,1,1,4,2,1,1,4,4,4,4,4,2,1,1,1,1,3,1,4,4,1,4,1,1,4,4,4,3,4,2,4,3,4,4,4,1,1,3,2,3,1,1,1,2,2,1,4,2,2,3,2,2,2,2,2,2,3,2,3,3,1,4,1,3,2,2,4,1,3,1,1,2,1,1,2,1,4
1,3,4,17,4,3,2,1,3,1,1,1,1,3,4,3,2,1,1,1,1,1,1,1,1,1,1,1,2,4,4,1,2,1,3,2,0,3,1,4,3,2,1,1,3,3,2,3,2,3,4,2,4,2,3,2,3,3,1,4,1,2,2,1,1,3,4,4,2,1,1,3,2,2,1,3,2,3,4,2,3,2,1,1,1,3,3,4,4,2,2,2,4,1
2,3,1,17,1,1,1,1,1,3,3,1,2,3,3,3,1,2,1,1,1,1,1,1,1,1,1,1,1,1,1,1,1,1,1,1,1,1,1,1,1,1,1,1,3,4,3,3,3,2,4,4,2,2,4,4,3,3,3,4,3,4,4,3,2,4,3,1,4,1,1,3,3,4,2,1,3,4,3,2,3,3,1,1,2,3,4,1,4,2,3,1,4,3
1,1,2,20,4,1,1,4,1,3,1,4,4,4,4,4,1,1,4,4,4,1,4,4,4,4,4,1,1,4,1,4,1,4,1,4,4,1,4,4,4,4,1,4,1,2,2,4,1,3,2,3,4,2,3,2,2,3,1,3,3,4,4,3,1,3,1,3,2,4,2,3,3,4,2,4,2,4,3,4,2,1,1,1,3,2,4,4,4,0,4,2,1,4
2,2,4,17,4,4,2,1,1,4,1,1,1,3,3,3,3,2,2,2,0,2,2,2,4,3,2,2,3,3,4,3,3,3,3,2,2,4,3,1,3,3,2,4,1,1,1,1,3,1,1,2,1,4,1,3,1,1,1,2,1,3,1,2,2,2,2,2,2,2,1,1,1,1,1,1,1,3,3,3,2,1,2,2,2,2,2,1,1,1,1,1,0,3
2,2,3,18,1,4,2,4,2,4,3,1,3,4,4,3,4,2,3,4,3,4,3,4,1,2,2,3,4,1,2,4,4,4,3,3,4,3,4,4,3,4,2,4,3,4,2,3,2,4,4,1,4,2,1,1,4,2,1,4,4,2,1,1,1,4,3,1,2,2,3,1,1,4,3,3,4,3,2,1,1,1,2,3,1,2,1,1,3,2,1,1,3,1
2,1,4,23,4,2,3,1,3,4,4,3,4,4,4,3,1,1,1,3,4,4,3,2,2,3,3,2,4,4,3,1,4,3,1,1,2,1,1,4,4,4,4,3,3,4,2,4,2,3,3,1,2,1,2,1,3,1,4,3,1,2,1,2,1,3,4,2,3,3,1,3,3,1,2,1,1,3,1,3,1,2,2,3,4,1,3,1,1,1,3,1,3,4
2,1,1,16,3,4,2,4,2,4,2,4,2,3,3,4,2,4,2,4,3,3,3,3,3,3,3,4,4,4,4,4,3,4,4,3,4,3,3,3,3,3,4,1,2,3,2,4,1,3,4,3,4,2,3,1,3,2,1,2,2,4,4,3,1,2,3,2,3,3,2,3,3,1,2,4,1,2,4,3,2,1,2,3,4,2,1,4,2,2,1,4,4,3
2,4,2,19,1,1,1,1,1,1,1,2,1,1,1,1,1,1,2,4,4,1,1,1,4,4,1,4,0,1,1,1,1,4,1,1,3,1,4,1,1,1,1,1,1,3,3,4,2,2,2,1,1,4,1,1,3,2,1,2,2,3,2,0,2,2,4,3,2,2,3,3,2,1,1,3,2,2,1,3,2,2,2,1,1,3,4,4,2,3,2,2,2,3
1,2,4,21,4,4,1,1,1,4,4,4,4,4,4,4,1,1,0,4,4,4,4,4,4,4,4,4,4,1,1,4,1,4,1,1,1,1,1,4,4,4,4,4,3,3,4,3,4,2,4,3,1,2,1,1,1,3,1,4,3,4,1,3,2,2,4,3,1,1,1,4,1,3,3,3,3,3,2,1,3,3,4,2,4,2,3,4,4,1,3,0,1,4
1,2,2,21,3,2,4,2,3,4,2,1,3,4,4,4,1,3,1,3,2,3,2,4,4,3,2,3,4,3,2,2,3,4,3,4,2,3,4,4,1,2,4,3,1,4,3,1,3,2,1,4,1,2,2,1,2,3,1,4,3,0,4,2,4,3,3,2,1,3,2,1,2,1,1,3,1,2,4,3,2,1,2,3,4,2,2,4,4,2,3,1,4,3
2,2,2,24,2,4,1,1,4,3,3,1,4,2,4,4,1,1,0,1,1,1,1,1,4,4,1,4,2,4,4,4,1,1,2,4,2,4,1,4,1,4,2,4,3,4,4,1,3,3,2,4,2,4,1,1,2,3,1,2,3,4,4,1,1,4,2,3,1,2,2,3,4,3,1,1,3,1,2,2,3,2,3,4,1,1,3,1,4,1,2,4,1,2
2,3,2,24,3,2,4,2,3,4,2,1,3,2,4,1,4,1,3,4,1,3,2,4,4,3,2,2,4,3,2,2,3,4,3,4,2,1,4,4,4,2,4,3,1,2,1,1,2,3,1,3,2,4,1,2,2,3,1,2,4,2,1,1,1,4,2,2,4,1,3,4,4,1,1,1,3,2,1,4,3,1,3,1,4,1,3,2,1,1,3,0,2,3
2,3,1,19,4,4,3,4,4,4,3,4,4,4,3,4,3,4,4,4,4,4,4,4,4,4,4,4,4,4,4,4,3,3,4,3,3,2,4,4,4,4,4,4,2,3,3,4,2,1,3,3,4,2,2,0,1,3,1,3,2,1,1,2,2,2,3,3,2,4,2,1,1,2,2,2,3,2,1,4,3,3,3,3,4,4,3,2,2,2,3,2,1,2
2,2,1,31,4,3,0,4,1,3,4,2,2,4,3,3,4,0,2,2,4,2,3,3,4,0,3,2,4,2,1,4,2,4,2,4,2,4,4,1,4,4,2,4,1,2,3,3,4,1,1,3,4,2,1,1,3,1,1,2,2,3,1,3,2,2,2,2,3,2,2,2,4,1,2,3,2,1,4,3,3,1,4,4,1,3,4,1,2,1,1,2,1,4
2,2,1,32,4,2,0,4,1,3,4,2,2,4,3,3,4,2,0,2,4,2,3,3,4,0,3,2,4,2,1,4,2,4,2,4,2,4,4,1,4,4,2,4,1,2,3,3,4,1,1,3,4,2,1,1,3,1,1,2,2,3,1,3,2,2,2,2,3,2,2,2,4,1,2,3,1,1,4,3,3,1,4,4,1,3,4,1,2,1,1,2,1,4
2,1,2,34,4,4,1,0,3,3,4,4,2,4,4,4,3,3,3,4,4,4,4,4,4,4,4,4,4,4,4,2,3,2,2,3,3,3,4,4,4,4,4,4,1,2,4,1,0,0,1,1,2,3,4,0,3,1,1,2,2,0,3,3,2,2,2,2,2,2,2,2,4,1,2,3,1,1,1,3,3,1,2,4,1,3,3,1,4,1,3,2,1,4
1,3,4,19,3,2,3,2,2,3,2,4,4,2,4,3,3,2,2,4,4,4,3,4,3,2,3,2,4,1,2,2,4,1,1,1,2,4,4,3,2,3,2,1,4,3,1,1,3,1,4,1,2,2,1,1,3,2,1,2,2,3,4,2,1,4,4,2,0,3,3,2,3,2,2,3,3,3,4,4,2,1,3,1,3,0,1,1,4,2,4,3,1,3
1,2,3,41,3,1,2,1,2,3,1,1,3,4,4,3,1,1,1,2,2,1,1,2,4,4,3,3,3,1,2,1,2,1,2,1,4,2,2,1,1,1,2,1,2,1,3,4,3,1,1,3,2,3,4,3,4,2,1,1,0,0,2,2,2,1,3,3,4,4,1,4,4,3,1,3,4,3,4,1,3,1,3,1,1,2,3,4,4,4,2,4,1,2
1,2,4,20,4,2,4,1,4,4,4,4,2,4,4,1,4,1,4,4,4,4,4,4,4,4,4,4,4,4,4,2,4,2,4,4,4,4,4,4,4,4,4,4,3,2,1,2,2,2,2,3,1,2,1,1,3,3,1,4,2,3,2,4,2,2,3,2,1,2,0,2,1,1,1,1,4,2,3,3,3,1,1,3,3,2,4,1,4,1,1,2,1,3
1,3,1,18,3,1,1,1,1,1,1,1,3,2,3,3,3,3,1,3,3,3,1,3,3, ,3,3,3,1,1,1,1,1,3,1,3,3,3,3,3,3,3,3,4,4,2,2,2,3,4,1,2,3,3,1,3,3,1,1,3,4,1,2,3,4,3,2,2,4,1,2,3,2,1,1,2,2,2,3,1,4,2,1,1,4,4,1,3,4,1,4,1,2
1,2,3,18,3,1,2,1,1,3,4,2,4,4,4,2,1,3,2,1,2,1,4,4,4,4,3,4,3,2,4,2,2,4,1,2,4,1,2,1,2,4,4,3,4,2,2,3,3,2,4,3,3,2,1,4,1,2,1,2,2,3,4,4,2,4,4,2,1,2,1,2,1,4,4,3,3,2,1,1,2,2,3,1,1,3,1,2,4,3,31,1,1,1
1,3,1,20,4,1,1,1,1,4,3,1,1,3,4,3,1,3,2,4,4,4,4,4,4,4,4,3,3,4,3,2,3,1,4,2,1,4,3,4,4,3,4,2,4,2,4,3,3,2,2,1,1,2,1,2,3,1,1,2,3,4,1,1,1,4,3,3,2,4,1,3,2,2,1,4,1,3,4,3,2,1,2,3,4,1,4,1,1,1,1,1,4,1
1,2,3,17,4,1,1,1,2,4,2,1,4,4,4,4,1,1,1,1,1,1,1,1,4,4,4,4,4,1,4,1,1,2,1,1,4,1,1,4,1,3,1,4,3,4,3,1,2,2,1,2,2,2,1,2,3,1,3,3,1,1,1,2,4,3,4,2,1,3,0,3,1,1,3,1,2,2,4,3,2,2,1,3,1,3,1,1,4,4,4,2,2,1
1,2,3,18,4,1,1,1,1,4,4,3,4,4,3,3,4,3,3,4,4,4,4,4,4,4,4,4,4,2,2,1,1,1,2,2,2,2,2,4,4,4,4,1,3,3,3,4,3,2,3,2,2,3,2,2,3,0,2,3,2,2,2,2,2,2,3,3,2,2,4,3,3,1,3,1,3,3,1,4,2,2,3,1,1,4,3,3,4,1,4,1,4,1
1,1,0,22,4,1,2,1,1,4,4,2,1,4,4,2,1,4,1,4,4,4,1,1,4,4,4,4,4,2,1,1,1,1,1,1,2,1,1,1,1,4,3,2,3,3,4,1,2,4,3,3,2,2,3,2,2,1,1,2,2,4,1,3,2,2,2,3,2,3,3,1,3,1,2,4,3,3,4,3,2,1,3,4,1,3,4,4,1,1,1,2,1,1
1,1,3,18,4,3,2,4,2,3,3,2,1,2,4, ,2,4,3,1,3,4,2,4,1,1,3,3,2,3,2,4,2,4,1,4,2,3,1,3,4,1,2,3,1,2,1,1,3,4,4,2,1,3,2,1,3,3,1,3,2,4,3,4,4,2,3,1,3,1,2,2,4,1,1,1,2,1,4,2,2,1,1,4,3,1,2,1,1,2,1,4,4,4
1,1,1,19,4,3,2,1,4,4,2,2,3,4,3,2,2,4,1,3,3,2,1,4,1,2,3,3,2,4,3,3,3,3,4,3,3,4,2,4,3,3,4,1,1,3,3,4,2,2,3,1,4,3,3,1,1,3,1,3,3,3,3,2,1,2,3,2,1,4,1,3,4,2,1,1,2,3,1,3,2,1,2,4,4,3,2,1,1,1,3,1,4,4
1,2,0,18,4,3,4,2,3,4,2,4,2,3,4,4,3,4,2,4,4,4,3,2,4,4,3,4,2,4,4,3,4,1,4,2,4,2,4,4,3,4,2,1,2,4,2,3,1,1,3,1,1,2,2,0,1,3,1,4,1,2,1,1,0,2,3,1,1,2,1,2,4,2,1,3,4,2,2,4,3,2,2,4,4,1,1,2,4,1,2,1,1,3
2,2,2,23,4,4,1,1,1,4,0,0,0,1,4,4,1,4,4,4,4,4,4,4,4,4,1,4,0,1,1,1,1,1,4,4,4,4,1,4,4,4,4,1,1,3,3,3,4,4,3,3,1,2,4,1,3,3,1,2,3,4,2,4,2,4,4,3,4,2,2,2,4,3,1,3,1,1,3,3,3,2,3,1,1,3,1,1,4,1,0,0,2,3
1,2,3,25,4,1,1,1,3,3,3,1,2,3,4,3,1,4,2,3,3,3,3,1,4,4,4,4,4,4,1,1,1,1,2,1,4,1,1,4,4,4,4,4,1,4,2,1,3,1,3,1,4,2,3,1,1,3,1,4,2,2,2,1,2,2,3,3,2,2,3,3,2,2,1,3,1,2,4,3,3,2,3,1,1,3,3,4,4,1,3,2,1,2
1,2,2,17,4,1,1,1,2,1,1,1,4,4,4,1,1,4,1,4,4,4,1,4,4,4,4,4,4,1,1,1,1,1,1,4,4,1,1,4,4,4,4,4,1,0,2,3,1,3,3,4,1,2,1,1,2,1,1,4,1,2,4,3,2,2,4,3,1,2,1,2,4,4,3,1,1,1,4,1,1,2,4,1,1,3,3,3,4,3,3,1,2,2
2,2,2,13,4,3,2,4,4,3,4,2,2,4,4,4,2,3,2,2,1,2,3,4,4,0,3,3,4,4,4,4,2,4,4,3,0,4,2,4,3,3,3,4,3,4,4,4,1,3,4,2,3,2,2,2,4,2,1,2,1,4,4,4,1,4,3,3,3,1,4,3,3,2,4,4,3,2,4,4,2,2,3,3,4,3,2,1,4,1,3,1,0,4
2,2,1,16,3,2,4,4,2,2,3,3,2,3,3,4,2,4,3,3,3,2,3,2,2,1,2,4,3,2,1,3,3,2,2,2,4,4,3,4,3,2,3,2,1,3,2,3,3,2,1,0,0,0,0,2,3,1,3,4,3,4,1,1,3,3,4,4,2,3,2,4,1,3,3,1,1,3,4,3,2,1,1,2,3,1,1,4,3,0,1,4,4,2
2,2,2,24,4,1,1,4,3,1,2,3,3,4,4,4,1,4,1,4,4,3,3,4,4,4,4,4,4,3,4,3,3,4,1,1,4,4,4,3,3,3,3,3,1,2,3,2,1,4,4,1,3,2,3,1,2,1,1,3,2,3,3,3,1,2,4,1,2,2,3,4,1,2,2,1,2,2,1,4,2,1,3,3,1,1,1,4,1,1,2,3,4,4
2,3,3,18,4,1,1,1,1,4,4,3,3,4,4,3,1,2,1,4,4,3,1,3,4,4,4,4,3,2,2,1,3,3,1,2,1,1,2,4,1,2,2,3,4,2,1,1,2,4,4,3,2,2,3,3,3,1,1,3,1,4,2,2,4,2,3,3,1,3,0,3,4,3,4,1,2,1,0,1,2,1,3,3,4,2,3,3,3,1,3,2,1,2
2,1,1,19,4,4,3,3,3,3,3,3,3,3,4,4,3,3,3,4,0,4,4,3,4,3,4,4,4,4,4,4,4,4,3,3,3,2,2,3,4,4,4,4,3,2,2,3,1,1,1,1,4,4,4,4,3,3,1,1,2,1,4,2,4,1,1,3,1,4,3,3,2,1,3,1,1,2,4,1,3,2,3,3,1,1,3,4,2,1,3,2,1,4
1,3,4,21,2,4,1,3,3,3,2,2,2,4,3,3,2,4,2,4,2,4,2,3,2,4,2,3,1,4,2,3,2,4,1,3,4,2,3,2,4,2,4,2,1,3,2,0,2,0,3,2,1,2,2,1,3,1,3,3,4,2,1,2,2,3,2,3,2,2,2,3,2,3,2,0,2,3,2,2,2,3,2,2,1,3,3,4,1,1,2,2,0,3
2,3,1,20,3,4,4,4,3,2,1,3,2,3,2,3,4,2,2,3,4,2,1,3,2,4,3,2,4,4,3,2,4,3,2,4,3,2,1,4,3,2,4,2,4,1,2,1,3,3,4,2,3,2,2,2,3,3,1,4,2,3,3,3,4,1,1,3,1,3,2,4,1,1,1,3,2,3,4,3,3,2,2,4,3,3,2,1,1,4,3,2,4,3
2,2,2,18,3,2,2,4,0,2,1,4,4,1,4,4,1,4,1,4,2,1,1,2,4,4,4,4,4,2,1,1,2,2,2,1,2,1,1,2,1,1,1,1,1,2,4,4,2,0,4,4,2,2,2,1,2,3,1,3,4,0,2,3,1,2,3,4,2,4,1,3,1,3,1,1,3,1,4,2,3,1,2,3,3,1,2,0,4,1,3,2,0,3
2,2,3,17,4,1,1,1,1,1,1,4,4,4,4,1,1,1,1,4,4,4,1,1,4,4,4,4,4,1,4,1,1,4,1,4,4,1,1,4,4,4,4,1,3,4,4,2,3,0,4,2,1,4,3,2,1,1,2,4,3,3,4,2,4,2,3,2,1,3,3,3,1,1,1,1,2,3,3,3,2,1,2,3,4,1,2,4,3,1,3,3,4,4
2,2,2,17,4,3,3,4,3,3,2,4,3,3,3,0,3,4,2,1,4,3,2,4,4,3,2,4,3,4,4,2,4,3,4,3,2,1,2,1,3,3,2,1,1,4,3,4,3,2,1,1,1,2,2,4,0,3,1,3,3,2,3,1,4,3,3,2,3,4,4,3,4,3,1,1,2,4,4,3,2,1,3,4,4,1,2,4,4,3,2,3,4,1
2,2,3,17,4,1,1,1,2,4,3,4,4,3,2,4,1,1,3,1,1,1,1,1,4,2,2,4,4,1,1,1,1,1,4,1,1,1,1,4,3,3,1,4,3,4,3,3,3,2,3,2,4,2,2,1,2,1,2,3,3,2,4,2,1,4,3,3,2,2,2,3,4,1,2,3,1,2,4,3,2,1,2,3,4,1,2,3,2,4,2,1,2,1
2,4,1,15,4,3,3,4,1,4,1,2,2,4,4,3,3,2,2,3,2,2,3,3,3,4,4,1,1,2,2,4,4,4,4,4,4,4,4,4,4,4,4,4,3,4,2,4,2,4,3,1,1,3,2,2,1,3,1,3,1,2,3,2,4,2,4,1,2,4,1,4,2,1,1,4,1,2,4,4,2,2,2,3,4,1,2,0,1,1,4,0,2,4
1,2,3,14,1,3,3,1,2,2,2,3,4,4,4,3,2,4,2,4,4,4,2,2,4,4,3,4,4,2,2,2,4,1,1,3,3,2,2,4,4,4,4,4,3,2,2,2,1,2,0,3,1,1,3,2,3,1,1,1,2,3,4,4,1,4,3,1,2,3,4,2,3,4,1,1,2,3,4,1,2,3,4,1,4,3,2,1,3,0,4,1,2,3
2,3,4,17,4,3,1,1,1,4,4,4,3,4,4,4,2,4,4,1,1,3,2,4,4,3,4,4,4,1,1,1,1,4,1,3,1,4,3,4,2,4,3,4,4,3,3,2,4,2,4,2,2,3,4,1,2,3,1,2,2,4,4,1,1,2,3,4,3,4,1,3,1,2,4,3,3,3,4,4,2,1,2,3,4,2,2,4,4,4,1,1,0,3
2,2,1,17,4,3,4,3,4,4,3,4,3,0,4,3,2,4,4,3,2,3,3,4,4,3,4,4,3,4,4,4,3,2,4,4,3,3,4,4,4,3,2,3,3,3,1,4,4,2,1,3,1,2,1,1,3,3,4,2,2,2,4,3,2,3,1,1,3,3,2,3,4,1,1,1,2,2,4,4,1,1,2,2,1,1,1,2,4,1,3,2,1,2
2,2,4,20,4,1,1,1,2,3,1,1,2,1,4,1,1,1,1,4,4,2,1,1,4,4,4,4,4,4,4,1,1,4,1,4,4,4,1,1,4,1,1,4,3,2,1,3,3,0,3,3,1,1,3,2,3,1,1,1,2,3,1,4,2,2,3,3,4,2,2,2,2,2,2,1,3,3,2,3,3,2,4,1,1,3,4,4,2,2,3,1,3,3
1,2,0,18,4,2,4,1,1,4,1,4,1,4,4,4,1,4,4,1,4,2,4,3,4,4,4,4,4,4,1,1,1,1,1,1,1,3,1,4,1,4,4,4,3,1,2,1,3,3,3,1,4,2,1,2,1,4,4,2,2,1,1,4,1,3,1,1,4,4,1,1,1,2,1,1,1,2,1,1,3,3,3,1,1,3,3,1,1,4,3,1,1,1
1,2,1,20,4,1,1,1,1,1,1,1,1,4,4,4,1,4,1,4,4,4,1,1,4,4,1,4,4,1,1,1,1,1,1,4,4,4,4,4,4,4,4,4,1,3,3,2,4,3,1,3,4,4,2,3,4,3,1,2,0,3,4,4,2,4,4,3,3,3,2,0,2,1,2,1,3,2,2,1,3,3,4,1,1,3,3,2,2,4,2,2,2,2
1,3,3,22,1,2,1,3,1,1,2,1,1,3,1,2,3,2,3,2,3,1,1,1,1,1,1,1,3,1,1,1,4,4,4,1,3,1,1,3,4,4,2,4,3,2,2,3,3,1,4,1,4,2,3,2,3,3,1,1,2,2,1,4,4,4,4,1,4,2,2,3,1,2,2,3,3,2,1,2,2,2,3,3,1,4,4,2,4,4,3,2,1,3
2,2,1,22,4,3,1,1,3,4,1,4,2,4,3,2,4,3,4,2,3,2,1,1,4,4,2,2,3,4,3,4,4,3,4,3,2,3,4,4,3,4,2,3,3,4,4,1,3,3,3,3,1,2,1,2,3,1,1,1,3,4,2,2,2,4,2,3,3,4,1,3,2,2,1,3,1,4,2,4,2,2,2,4,4,3,2,1,4,2,2,3,2,3
1,3,3,20,3,3,4,4,3,1,4,3,1,1,3,4,4,4,1,1,4,1,1,1,1,4,3,4,4,4,3,1,1,1,1,1,1,1,1,1,1,1,1,1,2,2,1,1,3,2,4,1,3,2,4,3,3,3,1,4,2,2,1,2,3,4,1,3,4,2,1,4,3,3,3,1,2,2,2,1,1,1,3,1,4,3,2,3,2,4,1,1,1,1
1,2,3,16,4,1,1,1,1,4,3,1,4,3,4,4,1,3,2,4,4,3,1,3,4,4,4,3,4,3,2,2,1,3,2,4,4,1,1,4,4,4,3,4,1,4,2,3,2,4,3,3,2,1,1,1,2,3,1,4,2,1,2,1,2,3,2,3,4,2,1,4,2,3,3,3,3,1,4,1,2,2,1,4,3,4,4,3,2,3,4,2,1,1
2,4,3,20,4,3,2,4,3,4,3,2,4,4,3,4,1,1,2,2,2,2,3,3,1,1,1,3,3,4,4,4,4,4,3,3,3,3,3,1,2,3,4,4,3,1,2,2,3,2,3,2,4,2,2,3,3,3,2,3,3,3,2,2,2,2,3,3,3,2,2,2,4,2,4,1,2,2,2,3,3,2,2,3,1,2,4,1,4,1,3,2,2,2
1,2,3,17,3,2,2,2,4,4,1,1,3,4,4,4,1,4,1,1,3,4,4,4,4,4,4,2,1,1,2,2,3,4,1,4,2,4,2,2,4,2,4,1,3,4,2,4,2,3,3,3,2,1,2,3,1,2,1,4,3,2,4,2,2,3,4,2,4,2,4,3,4,3,2,4,2,4,3,3,1,2,3,1,3,4,3,2,4,2,2,3,4,2
2,3,2,20,4,2,3,4,4,2,2,2,4,3,4,3,3,0,3,3,2,0,3,2,4,4,4,4,4,4,4,4,1,1,3,4,3,4,4,4,3,0,4,4,3,3,3,4,2,3,4,2,4,2,2,1,4,1,1,4,1,0,2,1,2,2,3,3,1,3,1,3,2,2,1,3,4,4,4,3,2,4,1,0,1,3,3,1,4,1,3,2,2,4
2,3,1,21,4,1,1,1,1,4,4,1,1,4,4,4,1,4,2,4,4,4,2,4,4,4,4,4,4,1,2,2,3,3,1,0,1,1,1,4,4,4,4,4,2,3,3,1,2,4,4,2,2,2,2,1,1,1,2,2,3,1,3,1,4,2,3,2,1,4,1,1,3,1,2,2,1,2,4,3,2,1,2,3,0,2,2,0,4,1,3,1,0,3
2,2,1,19,4,3,4,3,3,4,3,4,3,4,4,0,0,3,3,3,3,4,4,4,4,4,4,4,4,4,4,4,4,4,4,3,4,4,3,4,3,4,4,4,3,3,3,4,2,4,4,2,2,2,2,2,4,3,1,3,2,2,4,3,1,4,3,2,1,2,1,3,1,2,1,3,1,3,4,3,2,3,4,3,3,2,3,2,1,1,4,2,2,1
2,4,2,19,4,2,3,3,3,4,4,1,1,4,4,4,4,4,3,3,3,3,3,3,1,1,1,1,1,1,1,1,1,1,1,4,4,4,4,4,3,3,3,4,1,4,2,4,3,3,1,3,2,2,2,2,3,3,1,3,2,4,1,0,1,3,3,1,1,4,1,3,1,4,1,1,1,3,4,4,2,1,2,4,4,1,2,1,4,1,3,4,2,2
1,2,1,17,3,1,1,1,1,3,2,1,2,3,4,4,1,3,3,1,3,1,1,1,1,3,1,1,1,0,0,1,3,1,3,3,3,4,2,3,1,1,2,2,2,3,3,3,2,4,2,0,0,4,0,1,2,1,1,2,2,0,4,4,3,3,2,1,1,2,2,2,3,3,4,3,0,3,0,2,1,0,3,1,1,3,4,3,1,4,0,2,1,1
2,4,3,32,4,4,4,4,4,2,2,2,2,2,4,4,4,4,4,1,1,1,1,1,1,1,1,1,1,1,1,1,1,1,1,1,1,1,1,0,3,3,3,3,1,2,3,1,2,1,1,4,2,3,2,2,3,1,1,3,2,3,3,2,4,3,2,2,3,4,2,3,1,1,2,1,2,3,4,3,2,1,3,3,1,2,2,4,4,1,3,3,1,4
1,2,3,31,4,4,4,4,4,2,2,2,2,2,4,4,4,4,4,1,1,1,1,1,3,3,3,3,3,1,1,1,1,1,2,2,2,2,2,4,4,4,4,4,1,2,3,1,2,1,1,4,1,3,2,2,3,1,1,3,2,3,3,2,4,3,3,2,3,3,2,3,1,4,4,1,1,2,4,3,2,1,2,3,4,1,3,4,4,4,3,4,1,4
1,1,2,50,1,4,3,2,1,4,3,2,1,4,3,2,1,4,3,2,1,4,3,2,1,4,3,2,1,4,3,2,1,4,3,2,1,4,3,2,1,4,3,2,1,2,3,1,2,1,1,4,2,4,3,2,3,1,1,4,3,3,1,3,2,4,2,3,3,2,2,4,4,2,2,3,1,4,1,4,3,1,2,3,1,3,3,4,4,1,4,4,1,4
2,2,1,25,2,4,3,4,1,4,3,3,2,1,3,1,1,1,1,4,2,4,3,2,1,1,1,1,1,3,4,3,4,3,3,1,0,3,4,1,1,1,1,1,1,4,2,4,3,1,4,2,1,4,3,2,3,1,1,4,3,3,4,2,1,3,4,2,1,4,2,4,2,1,1,4,1,3,1,4,3,2,3,4,4,2,4,1,4,1,4,4,1,4
2,3,3,20,4,1,4,1,1,4,2,2,2,3,4,2,1,1,1,4,4,4,2,1,4,4,4,4,4,1,3,1,1,3,1,2,3,2,4,4,2,3,2,4,2,3,2,4,1,1,1,1,2,3,2,3,2,3,1,2,2,3,3,2,4,2,2,1,3,2,3,3,4,3,2,3,4,2,4,2,2,1,2,3,4,2,1,1,3,2,2,1,2,3
2,1,2,41,4,2,3,1,4,2,3,1,4,3,1,4,3,1,4,2,3,1,4,2,4,1,4,2,3,1,4,2,3,1,4,2,3,1,4,2,4,1,4,2,1,2,3,2,2,1,1,4,2,4,3,2,3,1,1,4,3,3,1,2,1,4,1,3,3,2,2,4,2,2,2,3,1,4,1,1,3,3,3,1,1,3,3,1,4,1,2,4,1,1
2,4,3,46,2,4,3,1,2,4,3,1,2,4,3,1,2,4,3,1,2,4,3,1,2,4,3,1,2,4,3,1,2,4,3,1,2,4,3,1,2,4,3,1,2,5,3,2,4,2,2,2,3,5,4,3,3,1,1,4,3,3,1,3,1,4,2,3,3,2,2,4,4,2,2,3,1,4,1,4,3,1,2,3,1,3,3,4,4,1,4,4,1,4
2,2,2,46,4,3,3,2,3,2,4,3,4,1,3,2,4,4,3,3,2,3,4,3,3,4,3,3,4,1,2,1,3,4,2,4,2,4,2,3,2,4,3,4,1,4,3,1,3,1,1,2,1,4,4,2,3,1,1,4,3,3,1,3,1,4,2,3,3,2,2,4,4,2,2,3,1,4,1,4,3,1,2,3,1,3,3,4,4,1,4,4,1,4
1,2,1,30,4,3,1,2,4,3,1,2,4,4,1,2,4,3,1,2,4,3,1,2,4,3,1,2,4,3,1,3,1,2,4,3,1,2,4,3,1,2,4,3,1,4,3,1,3,1,1,2,2,4,4,4,3,1,2,4,3,3,4,3,1,4,4,3,3,4,1,3,4,4,4,3,1,2,4,3,2,1,2,3,4,1,2,1,4,1,3,4,1,4
2,2,1,18,4,1,1,1,2,4,4,4,4,4,4,4,4,4,4,4,4,4,4,4,4,4,4,4,4,4,4,1,1,1,1,1,1,0,2,4,4,4,4,4,4,4,2,4,3,4,4,1,4,2,2,3,3,3,1,4,3,3,3,1,4,3,4,2,2,1,2,2,4,4,4,3,1,2,4,3,2,2,3,4,4,3,3,1,4,4,4,1,1,3
1,2,3,16,4,1,1,1,2,4,4,4,4,4,3,3,3,3,0,4,4,4,4,4,4,3,0,0,4,4,3,4,4,4,3,4,3,4,3,1,1,4,1,4,1,3,3,3,2,4,4,0,4,2,2,2,2,3,4,2,1,2,3,1,4,2,3,4,1,1,1,3,4,4,4,3,4,2,4,2,2,1,2,3,3,1,2,4,3,4,3,1,1,2
1,1,2,15,4,4,4,4,4,3,3,3,3,2,2,1,3,0,4,2,1,3,2,1,2,3,0,2,3,3,2,4,4,4,4,3,4,3,4,3,3,0,2,0,1,1,3,1,3,4,3,2,4,3,4,4,2,4,0,3,3,4,3,1,4,1,2,1,1,2,1,0,1,4,1,1,1,1,3,2,2,1,1,3,3,1,1,4,3,4,1,1,4,3
2,3,2,14,4,1,1,1,2,4,4,4,3,2,2,1,3,2,3,2,1,2,3,2,2,1,2,3,2,2,1,4,3,4,4,3,4,3,4,4,3,4,3,4,2,3,2,4,1,4,4,2,4,2,1,1,2,4,4,2,1,2,3,1,4,2,2,1,1,3,1,3,4,4,4,1,1,1,3,2,2,1,2,4,3,1,1,4,3,1,1,1,4,3
2,3,3,49,2,1,2,2,1,2,1,3,2,1,1,2,3,4,3,4,3,2,2,2,2,1,2,1,2,2,2,1,1,1,2,2,1,2,3,3,2,1,3,2,1,2,3,1,2,1,1,4,2,2,2,2,3,1,1,4,3,3,1,1,4,4,2,1,3,2,2,4,4,2,2,3,1,4,1,2,3,1,2,3,1,3,3,4,4,1,1,4,1,4
2,2,1,16,4,4,4,4,4,4,2,2,2,4,2,3,2,2,3,2,3,3,2,4,4,4,4,2,2,2,4,3,4,2,2,3,3,4,4,1,1,1,1,1,3,1,4,4,4,2,4,2,2,3,3,3,4,2,2,3,3,4,4,2,1,3,4,3,3,3,3,3,2,3,3,1,2,3,2,4,3,2,3,3,4,3,3,2,1,1,3,2,2,1
2,3,3,17,3,1,3,2,3,3,4,3,3,4,3,2,3,3,3,2,3,3,2,3,2,4,3,3,2,3,3,2,4,2,3,2,3,3,2,3,3,3,2,3,2,3,3,2,2,3,3,2,4,3,4,2,3,3,1,4,2,4,4,4,2,3,0,1,2,3,2,3,2,1,1,1,1,2,3,3,2,1,3,1,4,1,2,1,4,1,2,1,2,3
2,3,1,17,4,3,0,4,2,4,2,3,1,1,4,3,4,1,4,3,2,3,4,1,3,2,4,2,4,3,2,4,3,4,2,1,4,3,1,3,1,2,1,4,1,4,2,3,2,4,3,1,2,1,3,0,1,1,2,3,2,3,4,2,4,2,3,2,4,1,2,4,1,1,1,3,2,3,4,1,2,3,3,4,2,1,3,2,1,1,1,1,4,4
1,2,3,37,3,4,2,4,2,4,2,4,2,3,4,1,2,4,3,1,2,4,3,1,2,4,3,1,2,4,3,1,2,4,3,1,2,4,3,1,2,4,3,1,3,4,2,1,2,1,1,1,2,3,3,1,3,1,1,4,3,3,1,2,4,4,3,2,3,2,2,4,4,2,2,3,1,4,1,3,3,2,2,3,4,2,3,4,4,1,4,3,1,3
1,4,3,50,3,4,2,4,3,2,4,3,4,3,3,4,2,4,2,3,4,2,4,2,2,2,4,3,4,4,4,3,2,3,3,1,2,4,4,2,4,2,3,4,1,2,3,1,2,1,1,4,2,4,3,2,3,1,1,4,3,3,1,3,1,4,2,3,3,2,2,4,4,2,2,3,1,4,1,4,3,1,2,3,1,3,3,4,4,1,1,4,1,4
2,4,2,32,4,1,1,1,1,3,3,3,3,3,4,2,1,1,1,1,1,1,1,1,4,4,3,3,3,1,1,3,2,2,1,1,1,1,1,4,4,4,4,4,1,2,3,2,1,1,1,4,2,3,2,2,3,1,1,4,2,3,4,2,4,3,4,2,3,3,2,3,1,2,4,3,1,3,4,1,2,2,2,3,1,2,3,2,4,1,2,4,1,4
1,2,1,48,4,2,4,3,3,4,1,2,4,3,1,4,3,4,4,3,3,4,4,3,3,4,1,3,3,1,4,3,4,2,3,1,4,2,4,2,4,2,4,2,1,2,3,1,2,1,1,4,2,1,4,2,3,1,4,4,3,3,1,3,4,4,2,2,3,2,2,4,4,2,2,3,1,4,1,3,3,1,2,3,1,3,3,4,4,1,3,4,2,4
2,1,3,47,2,4,3,1,3,3,4,2,1,3,3,4,1,3,4,2,1,4,2,4,1,1,4,2,3,4,2,3,1,4,3,1,4,2,4,3,2,4,1,4,3,2,3,1,2,2,1,4,4,2,4,2,3,1,1,4,3,3,1,3,1,4,2,2,3,2,2,4,4,2,2,3,1,4,1,4,3,1,2,3,1,3,3,4,4,1,3,4,1,4
2,2,3,30,4,4,4,4,4,3,2,2,3,3,4,1,1,1,0,1,1,1,1,1,4,4,4,4,4,1,1,1,1,1,1,1,1,1,1,3,3,3,3,3,1,2,3,2,1,1,1,4,2,3,4,2,3,1,1,4,3,3,3,2,1,3,3,4,3,3,2,3,4,2,4,1,2,2,4,3,4,1,2,3,4,1,2,4,1,4,2,4,1,4
1,2,1,21,2,1,1,1,2,1,1,1,2,1,3,2,3,1,1,1,1,1,1,1,3,3,2,2,1,4,1,1,3,1,4,1,2,2,2,2,1,1,2,2,3,4,2,4,3,1,4,0,4,3,2,3,3,1,2,1,3,3,1,3,1,4,3,3,1,4,2,3,2,3,3,3,2,4,1,1,3,3,3,1,0,4,0,3,4,1,3,1,2,1
2,2,3,28,4,1,1,1,1,4,4,3,4,4,4,4,1,4,1,4,4,4,3,3,4,4,4,4,4,1,4,3,3,4,1,1,4,4,4,4,1,4,1,4,1,2,3,1,1,4,4,1,3,2,2,2,2,1,1,3,2,3,1,3,1,3,3,3,1,2,2,4,1,2,2,1,2,2,1,4,2,2,2,3,1,2,2,1,4,1,2,1,1,2
2,2,3,20,3,4,4,3,3,4,3,4,3,4,4,3,3,3,0,3,4,4,4,4,4,3,3,4,3,4,4,4,4,4,4,3,4,3,4,3,4,4,3,4,3,2,1,1,2,2,3,1,4,3,2,2,1,1,1,1,2,2,3,2,3,3,3,2,2,2,3,1,1,2,1,4,2,2,1,3,2,1,2,4,4,1,2,1,3,1,3,1,1,2
2,3,3,21,1,2,3,2,4,1,2,4,2,3,3,2,1,4,1,1,2,1,2,2,4,0,3,3,2,2,3,4,3,2,1,2,2,2,1,2,1,2,2,2,1,1,1,1,1,1,1,1,1,3,3,2,3,4,3,4,4,2,2,3,1,1,1,3,3,4,0,4,2,2,3,1,3,0,2,4,3,3,4,1,0,4,4,3,2,2,4,1,1,4
2,3,4,18,3,4,3,4,2,4,3,2,3,4,3,4,3,2,3,3,4,4,4,3,3,4,4,4,3,3,3,2,3,4,4,4,3,3,3,0,0,4,4,2,3,3,4,4,1,4,4,2,1,3,2,2,3,1,3,4,2,2,1,2,4,3,3,2,2,3,1,3,1,2,3,3,2,3,4,4,3,2,2,1,4,1,2,2,2,1,3,2,1,4
1,2,3,22,4,1,2,1,2,3,1,1,3,4,4,3,1,1,1,2,2,1,1,2,4,4,3,3,3,1,2,1,2,1,2,1,4,2,2,1,1,1,2,2,2,1,3,4,3,1,1,3,2,3,4,3,4,2,1,1,2,2,2,2,2,1,3,3,4,4,1,4,4,3,1,3,4,3,4,1,3,1,3,1,1,2,3,4,4,4,2,4,1,2
2,2,1,22,4,3,2,1,4,4,0,1,4,4,4,3,4,3,3,4,3,2,1,4,3,4,3,2,2,4,3,4,3,4,4,3,4,4,2,4,3,4,3,2,2,3,2,4,2,4,3,0,4,1,1,1,2,3,1,3,1,2,1,1,4,2,3,2,1,2,2,3,4,4,4,1,1,2,2,3,2,1,2,3,4,2,3,1,1,1,3,1,1,4
2,2,2,50,4,3,2,1,2,2,1,2,3,2,2,3,4,3,2,3,2,1,3,2,2,3,2,1,2,2,1,4,3,3,2,3,4,3,2,2,3,4,3,2,1,2,3,1,2,1,1,4,2,2,2,2,3,1,1,4,3,3,1,3,4,4,2,1,3,2,4,4,4,2,2,3,1,4,1,2,3,1,2,3,1,3,3,4,4,1,1,4,1,4
2,3,2,12,4,4,4,4,4,3,1,1,1,4,4,4,3,4,4,3,4,3,4,3,4,4,4,4,4,3,4,4,4,4,1,4,4,4,4,3,4,0,3,4,1,3,2,4,1,4,1,1,4,1,1,1,2,3,4,2,1,2,3,1,4,2,2,1,1,1,1,2,4,4,4,3,4,1,3,2,4,1,1,2,3,1,1,4,3,4,1,1,4,3
2,2,3,16,4,1,1,1,3,4,3,4,4,4,4,4,3,4,3,4,4,4,4,4,3,4,3,4,3,4,4,4,4,4,4,3,4,3,3,4,4,4,3,4,1,4,2,4,2,4,1,2,1,3,2,3,2,3,4,3,2,2,3,1,4,2,2,2,1,2,1,1,4,4,4,3,1,2,4,2,2,1,1,2,4,1,1,1,3,0,0,1,4,2
1,1,1,18,4,1,1,1,3,4,4,3,4,4,3,4,3,4,3,4,3,4,3,4,3,4,4,4,4,4,4,4,4,4,1,4,4,4,4,3,4,3,4,4,1,4,2,4,2,4,4,0,1,1,1,3,3,3,1,3,3,2,3,1,4,2,4,3,1,2,2,3,1,4,1,3,1,2,4,3,2,1,2,2,4,1,2,1,3,1,2,1,4,3
1,2,2,15,4,3,4,3,4,4,4,4,4,3,2,1,2,3,2,2,3,3,2,2,2,1,2,2,2,2,1,4,3,4,4,4,4,3,4,4,4,4,3,4,2,3,2,4,1,4,3,1,1,1,1,1,2,3,1,2,1,2,3,1,4,2,2,1,1,3,1,3,4,4,4,1,4,1,3,2,2,1,1,3,3,1,1,4,4,1,1,1,0,2
1,1,3,13,4,3,4,3,4,3,4,4,4,2,2,1,0,2,3,2,1,1,2,3,3,2,2,1,2,3,2,4,4,4,3,4,4,4,4,4,4,4,4,4,1,3,2,3,1,4,3,1,0,1,1,2,2,3,4,2,1,2,3,1,4,2,3,0,1,2,1,2,4,4,4,1,4,1,3,2,4,2,1,3,3,1,1,4,4,4,1,1,4,2
1,2,1,19,4,4,3,4,3,4,4,3,4,3,3,2,1,2,3,2,2,1,3,3,2,3,4,1,3,3,2,4,3,4,1,4,4,3,4,2,4,4,4,4,1,3,2,3,1,4,3,1,4,1,1,2,0,0,0,0,0,0,0,0,0,0,0,0,0,0,0,0,0,0,0,3,1,2,4,3,4,3,1,2,3,1,1,4,3,1,1,1,4,3
1,1,1,17,4,3,4,3,4,4,4,4,4,4,3,4,3,4,3,4,4,4,3,4,4,4,3,4,3,4,4,4,4,4,4,3,4,3,4,4,4,4,4,4,2,3,3,3,2,4,4,1,4,1,1,1,2,3,4,2,2,2,3,1,1,2,2,0,1,2,1,3,4,4,4,3,1,4,1,4,2,1,1,2,3,1,1,4,3,4,1,1,4,3
1,2,1,16,4,1,1,1,3,4,4,4,4,4,3,4,4,3,4,4,4,4,4,4,3,4,3,4,4,4,4,3,4,4,4,4,4,4,4,3,3,4,3,4,3,1,3,4,2,4,1,1,1,3,2,2,3,3,4,2,1,2,3,1,4,2,2,2,1,2,1,3,4,4,4,4,2,2,4,2,2,1,1,2,4,1,1,4,3,4,1,1,4,2
1,1,1,20,4,4,4,3,4,4,4,4,4,4,4,4,4,3,4,4,4,3,4,4,4,4,4,4,4,4,4,4,4,4,4,4,4,4,3,4,3,4,3,4,3,4,2,4,2,1,1,0,1,4,2,2,3,3,4,3,3,4,4,2,4,2,3,2,1,2,1,3,4,4,4,3,1,1,3,2,2,1,1,3,3,1,1,4,4,4,3,1,1,1
1,1,3,24,4,3,4,4,4,4,4,3,4,4,4,4,4,4,4,3,4,3,4,3,4,4,4,4,4,4,4,4,4,4,3,4,4,4,4,4,4,4,4,4,2,3,2,4,2,4,3,1,4,1,2,1,2,3,0,3,3,4,4,2,1,3,3,2,1,2,1,3,1,1,4,3,4,1,3,2,4,0,1,2,3,1,1,4,3,4,3,0,4,4
1,2,1,13,4,4,4,4,3,4,1,4,4,3,3,2,2,2,3,3,2,2,3,3,3,2,2,2,3,4,3,4,4,4,3,4,3,4,3,4,4,4,1,4,1,3,4,2,4,4,3,1,4,1,1,1,2,3,4,3,1,2,3,1,4,2,2,1,0,1,0,2,1,4,1,1,2,1,3,2,4,1,1,3,1,1,2,0,3,1,2,1,0,3
1,1,1,18,4,3,1,0,2,4,3,4,3,4,3,4,3,4,3,4,4,4,4,4,4,4,3,4,4,4,4,4,4,3,4,3,4,4,3,4,4,4,4,4,1,4,2,4,2,4,4,1,4,3,2,4,3,3,1,3,2,2,3,1,4,2,2,1,1,1,1,2,4,4,4,3,1,2,4,3,4,1,1,2,4,1,3,1,4,1,3,1,4,3
1,2,1,13,4,1,1,1,3,4,4,4,4,3,3,2,3,4,1,4,3,2,1,2,3,3,2,2,3,3,3,4,3,4,3,4,3,4,4,4,4,4,4,4,3,3,2,4,2,4,1,0,4,1,1,1,2,4,1,3,2,2,4,2,4,2,3,3,1,2,1,2,4,4,4,1,4,1,3,2,4,0,1,3,3,1,1,4,3,4,2,1,4,3
1,1,1,15,4,3,0,1,4,4,1,4,4,4,4,4,3,4,3,4,4,3,4,3,4,4,3,0,4,4,4,4,4,3,4,4,4,4,4,4,4,4,3,4,1,4,2,4,2,4,4,1,4,2,2,3,4,1,1,3,3,2,4,2,1,2,4,2,1,2,1,3,1,1,1,4,2,3,4,3,2,1,1,3,3,2,1,1,1,1,4,1,4,2
0,0,0,13,4,4,4,4,4,4,3,4,4,4,3,2,1,3,3,3,2,2,3,3,3,2,2,1,2,4,4,4,4,4,4,4,4,3,4,4,4,3,4,3,1,3,3,4,1,4,1,1,4,1,1,1,2,3,4,2,1,2,3,1,4,2,2,2,1,4,1,3,4,4,4,3,4,1,3,2,4,0,1,3,4,1,2,0,3,4,3,1,0,2
1,2,1,12,4,4,4,4,3,4,3,2,1,4,3,4,4,4,3,4,3,4,3,4,4,4,4,4,4,4,4,4,4,3,4,4,4,4,4,2,4,3,4,4,1,3,2,4,2,4,1,1,4,1,2,3,2,3,4,3,1,2,3,1,4,2,3,2,1,3,1,3,0,4,4,3,4,1,3,2,4,1,1,2,3,1,1,4,3,4,2,1,4,2
1,1,0,17,4,3,4,3,4,3,4,4,3,4,4,4,4,4,4,3,3,3,3,4,4,4,4,3,4,4,4,4,4,4,3,4,3,4,3,4,4,4,4,4,1,3,2,3,1,4,4,1,1,3,2,3,1,3,4,2,1,2,3,1,4,2,2,1,1,3,1,0,4,4,4,3,4,1,4,2,2,1,2,3,3,1,3,4,4,1,4,1,4,3
1,1,1,17,4,4,4,3,4,4,3,4,3,4,4,3,4,3,0,4,3,4,4,3,4,3,4,3,4,4,4,3,4,4,4,4,3,4,3,4,4,4,4,4,2,3,2,4,2,4,4,1,4,1,2,2,3,3,1,3,3,2,3,2,4,3,3,2,1,2,0,3,4,4,1,3,4,0,4,3,0,1,1,3,3,1,2,4,4,4,3,1,4,3
2,2,2,18,4,2,3,4,3,2,4,2,4,4,1,2,4,3,2,4,3,2,1,2,4,3,2,1,4,4,1,4,3,1,4,3,2,1,3,4,3,2,4,1,2,4,2,2,1,2,4,1,1,1,2,3,2,3,1,3,2,3,0,3,2,3,3,1,3,4,1,1,1,3,1,1,1,3,3,3,2,1,2,4,4,3,3,4,4,1,1,1,3,3
2,3,4,22,3,2,4,2,4,4,3,4,3,4,3,4,3,4,2,1,4,1,4,2,2,3,2,1,2,2,1,3,1,4,2,2,3,1,4,1,4,2,3,4,2,3,2,2,2,2,4,2,4,2,2,2,2,3,1,4,3,3,4,2,2,4,3,3,3,3,1,3,1,1,2,3,2,3,1,3,2,1,2,3,3,2,3,3,1,1,3,1,2,2
2,3,3,21,2,4,2,4,2,2,4,3,3,3,1,4,2,4,3,4,3,1,3,2,3,1,4,2,3,4,2,4,2,3,4,2,4,2,4,1,1,3,4,3,3,3,3,4,3,4,1,2,4,4,2,3,3,3,2,4,2,3,3,3,1,2,3,2,4,2,4,3,2,2,1,4,1,3,1,4,2,1,2,3,4,4,2,3,4,1,3,3,4,3
1,2,2,19,3,1,1,2,2,2,2,2,1,1,1,2,2,1,1,4,3,2,2,2,4,4,4,4,2,2,2,1,2,1,1,2,2,2,1,1,1,3,3,4,3,1,2,4,4,3,4,0,2,2,1,2,3,1,3,4,3,2,4,1,0,1,1,2,2,2,1,1,1,3,1,1,1,4,2,4,2,1,2,3,3,2,2,1,1,1,3,2,1,1
2,3,2,26,4,3,2,1,4,2,1,4,3,3,2,4,1,3,2,4,2,3,1,4,1,3,2,4,2,2,3,4,1,3,2,3,1,4,2,3,1,3,2,4,1,2,3,4,1,2,4,1,3,3,2,4,2,1,1,4,3,2,4,2,2,4,1,2,2,2,2,4,1,1,2,1,1,3,4,2,2,1,2,3,1,2,3,4,1,2,3,2,2,1
2,2,1,18,4,1,1,1,1,4,4,4,4,4,4,4,4,1,1,1,1,1,1,4,1,4,4,4,1,1,1,1,1,1,1,1,1,1,1,1,4,4,4,1,2,1,2,4,3,4,4,2,4,2,1,4,2,1,1,2,3,2,1,2,3,4,4,3,2,1,2,4,1,3,1,3,4,2,2,4,2,1,4,2,1,1,2,3,4,1,2,1,2,3
2,1,1,17,4,4,4,4,4,4,4,3,2,3,4,4,3,1,3,4,4,3,4,0,4,4,3,3,2,4,4,4,3,3,4,4,4,3,2,2,3,2,2,2,2,3,2,4,3,1,3,1,2,2,2,2,2,3,4,2,2,2,4,2,4,3,4,2,1,4,1,0,1,2,1,3,1,3,4,3,2,2,2,3,4,1,2,4,4,4,3,1,1,3
1,2,2,12,4,1,1,1,3,4,3,4,3,2,2,3,2,2,1,2,3,4,3,2,1,2,3,4,3,2,1,4,3,2,4,3,2,1,4,4,3,3,2,1,1,4,2,4,3,4,3,1,4,2,2,3,2,3,4,2,1,2,3,1,4,2,2,1,1,4,1,3,4,4,4,1,1,1,3,2,2,1,1,2,3,1,2,4,3,4,2,1,4,3
2,1,1,22,1,2,1,2,3,2,1,3,2,1,2,1,2,2,1,2,3,4,3,4,3,2,3,4,3,2,4,1,2,1,2,3,2,2,1,2,1,2,2,1,3,3,4,4,1,4,4,1,4,1,2,2,3,1,1,3,2,4,3,1,4,3,4,3,3,3,2,3,3,3,2,1,1,1,3,3,2,1,3,4,3,2,2,4,3,1,1,3,1,4
1,3,2,43,1,2,3,2,1,3,2,1,2,2,2,1,3,4,3,2,1,3,2,1,3,2,1,2,3,2,2,2,1,2,2,1,2,3,2,1,2,3,2,1,3,3,2,0,3,4,1,4,2,2,2,2,3,1,1,4,3,3,1,3,4,4,2,1,3,2,2,4,4,2,2,3,1,4,1,2,2,1,2,3,1,3,3,4,4,1,1,4,1,4
1,3,1,24,0,1,1,1,1,3,4,3,4,3,4,4,3,4,3,1,1,1,1,1,4,4,4,3,4,1,1,1,1,3,1,1,3,1,3,1,1,1,1,1,1,2,3,1,2,1,1,2,2,1,3,1,2,3,1,3,1,3,3,3,4,3,4,2,1,4,2,3,1,3,1,3,4,1,4,2,2,1,2,3,4,1,2,1,4,1,3,1,4,3
1,2,1,34,4,1,1,1,3,4,3,3,3,3,4,3,1,2,2,1,1,1,1,1,4,4,3,3,3,4,2,1,3,3,1,3,1,1,1,1,1,1,1,1,1,2,3,1,2,1,1,4,2,3,2,2,3,1,1,4,3,3,1,2,4,2,3,2,3,3,2,3,2,4,3,3,1,3,4,3,2,1,2,1,3,3,3,4,4,1,2,2,2,4
1,2,1,17,4,1,1,1,1,4,3,4,3,4,4,3,4,3,4,1,1,1,1,1,1,1,1,1,1,1,1,1,1,3,1,3,1,1,1,3,1,3,1,4,2,3,2,3,3,4,1,0,4,1,3,2,3,3,1,2,1,3,3,1,4,2,3,1,1,1,0,3,4,4,4,3,4,1,3,2,4,1,1,2,3,2,1,4,4,1,1,1,4,3
1,2,2,14,3,1,1,1,3,4,3,4,4,3,3,2,2,3,2,2,3,2,1,2,3,2,1,2,3,3,4,3,4,4,4,4,3,4,3,4,3,4,4,3,1,3,2,3,1,4,3,1,4,1,1,2,1,3,4,3,1,3,3,1,4,2,2,1,1,3,1,2,4,4,4,1,4,1,4,2,4,1,1,2,3,1,1,4,3,1,1,1,4,3
2,2,2,15,4,1,1,1,3,4,3,4,4,2,1,2,3,4,3,2,3,2,4,2,4,3,1,3,2,2,4,4,3,4,4,4,4,3,4,3,4,3,1,1,1,3,2,4,2,4,3,1,1,1,1,2,1,3,1,2,1,2,3,2,4,2,3,1,1,1,1,2,4,4,4,1,2,1,3,2,4,1,1,2,3,1,1,4,4,4,4,1,1,3
1,2,2,14,4,4,1,1,3,4,4,4,4,3,2,2,3,2,1,2,3,2,1,2,2,1,3,2,2,2,1,4,4,4,4,3,4,3,4,3,4,4,4,3,3,3,3,4,1,4,4,1,4,3,3,2,2,3,4,2,1,2,3,1,4,2,2,2,1,2,1,1,4,4,4,1,4,1,4,2,4,1,0,2,3,1,1,4,4,4,2,1,4,3
2,3,2,15,4,4,3,4,3,4,4,3,4,2,3,2,1,2,3,2,3,2,2,1,3,2,1,2,3,2,2,4,3,4,4,4,3,4,4,4,3,4,3,4,2,3,2,3,1,4,1,1,1,1,2,1,1,3,1,2,1,2,3,1,4,2,2,2,1,2,1,1,4,4,4,1,1,1,3,3,2,1,1,2,4,1,1,4,4,4,1,1,4,3
2,3,3,15,2,1,3,0,2,4,3,2,1,2,1,2,3,2,1,3,2,1,2,3,2,1,3,4,2,2,4,2,1,2,3,2,3,2,1,3,2,1,2,3,2,3,2,4,1,4,1,1,4,1,2,1,3,3,4,3,1,3,3,1,4,2,2,2,1,2,1,3,4,1,4,3,4,1,4,3,2,1,1,2,3,1,1,4,3,4,1,1,4,3
2,2,2,13,3,2,1,2,2,3,3,2,1,1,2,1,2,1,2,2,1,2,1,2,1,2,3,4,4,3,2,1,2,1,2,1,2,3,2,2,1,2,3,2,2,3,1,3,1,4,3,1,4,0,1,1,2,4,1,3,2,2,3,1,4,2,2,2,1,4,1,3,4,4,4,3,4,2,4,3,2,1,1,2,3,1,1,4,3,4,2,1,1,3
1,1,1,39,4,3,2,1,2,2,1,2,2,2,1,2,1,2,3,3,2,1,3,2,2,1,2,1,3,3,2,4,3,2,2,3,4,3,2,2,3,4,3,2,3,3,2,3,2,4,1,4,2,2,2,2,3,1,1,4,3,3,3,1,4,4,2,1,3,2,2,4,4,2,2,3,1,4,1,2,2,1,2,3,1,1,1,4,4,4,1,4,1,4
1,2,2,21,4,1,1,1,1,3,0,2,1,4,4,1,0,2,1,4,4,4,1,1,4,4,4,4,4,1,1,1,3,2,1,4,2,1,1,4,4,4,4,4,1,3,3,3,2,4,1,2,1,2,3,1,3,3,1,4,1,2,3,3,2,2,3,2,1,2,1,3,2,2,1,3,3,1,1,3,3,0,3,1,1,3,4,4,2,3,3,1,2,3
2,2,3,18,4,1,2,1,1,4,3,2,4,1,4,4,0,3,0,4,4,4,3,2,4,4,4,3,4,3,3,2,4,3,2,4,4,4,4,4,4,4,2,4,4,2,4,2,3,2,3,3,2,2,2,0,0,3,1,4,3,1,3,3,4,3,3,4,3,2,3,3,1,0,4,0,3,2,4,1,2,2,2,1,1,2,3,0,4,3,2,1,3,0
2,1,2,20,3,1,1,1,2,3,4,3,4,4,4,2,1,3,2,4,4,4,2,4,4,3,4,4,4,1,3,2,1,3,3,1,3,4,1,4,4,3,4,4,1,2,4,4,3,2,4,1,2,2,1,0,0,1,1,2,3,3,2,1,2,4,4,3,2,2,1,3,1,2,2,3,2,1,1,1,2,1,3,4,2,2,3,0,4,2,1,1,1,2
2,2,3,19,3,3,3,1,1,1,3,3,1,3,3,1,1,1,2,1,1,1,1,1,3,3,3,3,3,3,3,1,1,1,3,3,3,3,3,3,3,3,3,3,2,1,3,4,2,4,1,3,3,2,3,2,3,3,1,4,2,4,4,1,1,1,4,3,4,3,2,4,1,2,1,3,3,1,2,1,2,3,1,4,3,4,1,2,4,2,3,2,1,1
2,2,1,22,4,2,1,1,3,1,4,2,4,4,4,2,1,2,1,4,4,4,1,2,4,4,4,3,4,4,4,1,4,0,1,4,4,4,4,4,1,1,4,4,3,4,4,1,1,2,1,3,4,2,1,1,2,2,1,4,2,0,4,1,2,1,4,1,3,2,2,3,3,2,1,3,4,2,3,2,2,3,1,2,1,3,1,3,4,2,2,1,1,4
2,1,2,14,3,1,1,1,3,3,3,1,1,1,3,3,1,3,3,1,3,3,3,1,3,3,3,2,2,1,1,3,1,1,1,3,1,1,1,3,3,4,3,4,0,1,4,2,2,2,3,1,1,2,0,0,3,3,1,2,2,0,1,2,1,0,3,2,1,1,1,0,1,1,3,3,3,2,4,3,2,2,1,3,3,1,2,1,4,1,1,2,1,1
2,2,1,18,3,1,3,2,4,3,3,2,3,4,4,3,1,1,3,3,3,3,2,3,4,4,3,3,4,4,3,2,4,3,4,4,3,4,1,1,4,4,4,4,1,4,0,1,4,2,3,3,0,0,0,1,3,3,1,4,4,4,1,2,4,4,4,3,1,2,3,0,3,3,1,2,0,2,4,3,2,2,1,3,2,3,2,4,2,4,3,3,2,2
2,2,3,22,4,1,1,1,1,4,4,3,1,4,4,4,1,4,2,4,4,4,2,1,4,4,4,4,4,4,2,2,1,1,1,1,1,1,1,4,4,4,4,4,1,4,4,1,3,1,3,0,1,2,1,1,3,3,1,4,2,4,1,1,1,4,4,4,1,4,3,2,1,2,1,1,1,1,1,3,1,1,4,4,1,3,4,2,2,1,2,1,1,4
2,2,3,17,2,3,2,1,2,4,4,3,3,4,4,2,1,2,4,2,2,2,2,1,4,4,4,3,4,1,1,2,2,1,4,4,4,4,3,4,2,3,4,3,4,4,4,1,4,4,1,1,4,2,4,1,3,2,1,2,0,3,2,1,0,4,4,1,1,2,0,3,1,1,1,3,3,1,2,1,3,1,4,4,1,2,2,2,4,2,2,2,3,1
2,2,1,18,3,1,1,3,1,1,1,1,4,1,3,3,1,3,1,3,4,4,3,1,3,3,1,3,3,1,1,3,1,3,1,3,3,3,1,3,3,3,1,4,2,2,3,1,2,1,3,3,4,2,2,0,3,3,1,3,3,3,4,1,0,3,3,2,1,3,2,3,2,2,1,3,2,2,4,3,3,2,4,1,3,2,0,2,2,2,4,1,3,2
2,2,1,17,1,1,1,2,1,2,2,1,1,4,4,4,1,2,2,1,3,1,1,1,4,2,3,4,4,1,1,1,1,1,2,4,1,4,2,1,1,3,1,1,2,2,3,1,3,1,1,3,4,2,2,0,3,3,1,4,2,2,4,2,1,3,0,2,1,2,2,0,1,2,1,3,3,1,4,2,0,0,3,3,2,1,0,2,3,0,1,0,0,0
2,3,1,20,4,4,1,1,1,4,1,1,1,4,4,4,4,4,4,4,4,4,4,4,4,4,4,4,4,4,4,4,4,4,1,4,4,4,1,1,4,4,4,4,1,2,3,1,1,3,1,3,4,2,1,0,3,2,1,0,1,2,2,1,2,2,0,1,0,2,2,4,1,4,0,3,4,3,2,4,1,2,4,2,3,3,0,2,2,2,2,2,1,4
2,2,1,19,1,1,1,1,2,2,1,1,1,3,3,3,1,1,1,1,1,1,1,1,3,3,3,3,3,1,2,2,1,1,1,2,3,3,2,1,1,1,1,3,2,2,3,1,2,1,3,3,4,2,2,4,3,3,1,3,2,3,4,2,3,2,3,3,1,1,2,3,1,2,2,3,2,2,4,3,2,2,3,2,4,2,2,3,4,1,2,2,4,2
2,2,2,18,3,1,1,1,1,3,1,1,3,3,3,0,1,3,1,3,3,3,3,3,3,3,3,3,3,3,3,3,1,4,1,4,4,1,1,4,4,4,4,4,2,4,1,1,3,0,3,3,4,2,1,1,3,2,1,2,2,4,3,4,2,4,1,2,1,2,1,3,0,2,1,3,3,2,4,1,1,2,2,4,1,4,3,1,2,1,3,4,1,3
2,2,1,20,4,1,3,1,1,3,2,1,1,3,4,1,1,1,1,1,4,2,1,1,1,4,2,2,4,4,1,1,2,4,1,4,2,1,1,4,1,4,2,1,4,3,2,1,2,1,2,0,4,2,3,1,3,3,1,2,2,3,1,1,4,4,4,2,1,2,1,2,3,2,1,3,1,2,2,1,2, ,2,1,3,1,3,3,4,2,1,1,2,2
2,2,4,21,2,2,1,1,3,3,1,1,1,2,4,3,3,1,1,4,4,4,1,4,4,4,4,4,4,1,2,1,1,1,1,1,1,1,1,4,4,4,4,4,1,4,3,2,4,3,1,0,4,2,4,0,3,2,1,2,1,2,2,1,0,0,4,1,1,2,2,3,1,0,2,3,3,3,3,4,3,1,2,4,1,1,4,4,2,3,4,2,1,2
2,4,2,17,3,3,3,1,3,1,1,1,1,1,3,1,1,1,1,1,1,1,1,1,1,3,3,3,1,3,2,1,3,3,3,3,2,3,3,3,3,3,3,3,3,1,3,1,1,1,3,0,2,2,4,1,3,3,2,4,2,3,3,2,1,4,2,3,1,2,1,1,1,2,4,3,3,3,3,1,1,3,1,1,3,4,4,1,3,4,3,3,2,1
2,4,2,20,4,1,1,1,2,3,3,2,2,3,4,3,2,2,2,4,4,4,2,3,4,4,4,4,4,2,2,1,2,3,1,1,1,4,2,4,4,4,4,4,1,1,4,3,0,4,1,2,4,1,3,1,3,0,1,4,2,4,1,1,4,3,4,1,4,2,1,4,3,2,1,3,3,1,4,4,3,2,1,3,3,4,2,1,4,2,2,2,1,4
2,3,4,18,3,4,2,3,4,3,1,3,4,0,4,4,1,4,4,4,3,2,4,1,4,3,0,2,4,1,3,4,2,3,2,4,3,4,2,4,1,4,4,4,2,4,3,4,2,1,4,1,4,2,2,2,1,3,1,2,3,3,2,2,2,1,4,3,1,2,3,2,2,2,4,3,3,3,4,4,1,1,3,3,4,4,2,2,3,3,2,2,3,4
2,2,1,29,2,2,1,1,1,2,2,3,3,1,4,4,1,1,1,1,1,1,1,1,4,4,4,4,4,4,4,4,4,4,1,1,1,1,1,4,4,4,4,4,3,2,3,3,2,4,1,3,3,2,2,1,3,3,1,4,3,3,4,4,1,2,3,2,1,2,2,4,1,2,3,3,1,1,3,1,3,1,3,3,1,1,3,1,4,1,2,3,4,4
2,2,3,20,4,3,3,1,4,4,4,2,4,4,0,1,4,4,4,1,1,2,1,2,4,4,4,3,2,1,2,4,4,1,1,4,4,4,4,4,3,4,4,4,1,4,3,3,2,2,1,1,4,2,4,3,4,3,1,2,3,2,4,1,1,4,3,3,1,2,2,1,1,1,1,2,1,1,3,1,3,2,2,1,1,2,1,1,4,1,3,1,3,2
2,2,2,21,3,3,1,1,1,3,3,1,2,1,3,1,3,3,0,1,1,1,1,1,3,3,3,3,3,3,3,1,1,1,1,1,1,1,1,1,1,2,2,1,3,0,0,1,2,0,1,0,2,3,3,3,4,2,1,2,3,2,1,4,1,1,1,4,2,2,2,4,1,2,2,4,2,1,2,3,2,1,4,1,1,1,4,2,2,2,4,1,2,2
2,2,2,18,4,4,4,3,4,4,3,4,3,4,4,4,2,0,4,4,4,0,0,0,4,4,4,4,4,3,4,4,4,4,4,4,4,3,4,4,4,4,4,4,1,3,3,1,3,3,2,2,2,2,2,3,0,3,1,4,3,0,4,0,4,3,4,1,1,2,2,3,1,2,4,3,2,2,4,2,0,2,1,1,2,1,2,0,3,1,2,2,1,2
2,3,1,15,4,4,3,4,4,4,3,4,4,4,3,4,3,4,4,4,4,4,4,4,4,4,4,4,4,4,4,4,3,0,4,3,0,2,4,4,4,4,4,4,4,2,3,4,1,1,3,2,4,2,4,1,4,3,1,3,2,1,1,2,2,2,3,3,2,4,2,1,1,2,2,2,3,2,1,4,1,3,3,3,4,4,3,2,2,2,3,2,0,2
2,2,1,16,1,3,1,1,1,3,1,1,3,0,3,3,1,3,3,1,3,1,3,3,3,3,1,3,3,3,1,1,1,1,1,1,1,1,1,3,3,3,1,1,3,4,1,4,2,2,2,2,1,4,3,1,4,3,1,4,2,2,4,1,4,4,1,3,1,2,1,3,1,4,4,2,1,3,2,1,2,2,4,1,2,3,3,1,1,1,1,2,1,3
2,2,2,20,3,1,1,1,1,2,2,1,1,2,3,1,4,1,1,4,4,3,1,1,4,4,4,4,4,1,1,1,1,1,3,2,2,2,1,4,4,4,4,4,2,4,2,4,4,3,1,3,2,2,2,2,3,3,1,2,3,1,4,3,3,2,4,2,1,2,1,2,1,1,3,3,4,2,2,2,4,3,3,1,2,4,2,2,2,1,1,3,4,3
2,2,3,23,2,2,2,1,2,2,0,1,1,0,2,1,3,2,3,3,2,3,2,3,4,2,4,2,3,3,2,3,2,3,4,3,2,4,0,4,3,2,3,2,1,3,3,3,2,3,2,3,1,2,2,0,3,3,1,2,3,3,1,3,0,4,4,3,4,2,1,2,1,1,1,3,3,1,1,3,3,2,3,1,1,3,2,4,2,3,2,2,2,3
2,2,1,20,4,1,1,1,2,4,3,4,4,3,4,3,1,3,2,4,4,2,1,1,4,4,4,4,3,2,4,1,4,3,1,4,4,3,3,2,1,3,3,4,1,2,4,1,4,1,1,3,4,2,1,3,3,3,1,3,1,3,1,4,2,0,4,2,1,3,3,2,2,2,4,3,1,1,4,2,2,2,3,3,1,2,3,2,2,1,4,2,2,2
2,3,2,12,4,1,1,1,2,2,2,2,2,4,4,4,2,2,2,4,4,4,3,4,4,4,4,4,4,1,1,1,3,1,1,3,3,3,1,4,4,4,4,4,1,4,1,4,4,2,3,0,3,2,2,1,1,2,1,3,2,4,2,1,3,3,3,3,1,2,1,2,1,1,4,2,2,1,2,1,2,2,1,1,1,4,4,0,2,4,2,2,1,3
2,2,2,16,4,1,1,1,1,4,4,1,2,4,4,2,1,2,3,4,4,3,2,2,4,4,4,4,4,1,2,3,3,3,1,4,4,2,4,4,4,4,4,4,3,3,3,4,4,4,4,2,4,2,4,3,1,2,4,4,1,1,4,4,1,4,4,0,4,2,2,4,4,2,3,3,3,1,3,4,2,2,1,4,1,4,3,1,2,3,3,4,3,2
2,2,3,16,4,1,1,2,1,1,1,1,4,4,4,4,1,4,1,3,1,1,1,1,4,4,4,4,4,1,1,1,1,1,1,3,3,3,1,1,3,1,3,3,3,2,2,4,1,1,2,3,4,2,3,1,4,3,1,3,3,4,4,1,2,2,3,3,4,1,3,3,1,3,1,3,1,1,4,3,3,3,3,4,1,4,4,3,3,2,1,2,1,3
3,2,3,22,3,2,3,4,2,3,4,3,4,3,4,3,2,2,3,4,3,2,3,2,3,4,4,3,4,2,3,2,2,2,2,4,4,1,3,2,2,4,3,4,2,2,3,1,2,3,4,3,4,3,2,23,2,1,3,2,4,4,2,0,3,3,2,1,1,3,2,4,3,2,4,3,3,4,1,3,1,2,3,3,1,1,3,4,1,4,3,2,2,3
2,1,3,21,1,1,1,1,4,2,1,2,1,1,4,4,3,4,3,1,1,1,2,2,4,4,4,4,4,1,1,1,1,4,1,2,1,1,1,4,4,4,4,4,3,3,2,1,2,4,1,2,4,2,2,4,2,2,1,4,3,4,1,4,2,3,4,3,1,2,2,4,1,1,2,3,1,3,4,2,1,1,1,1,1,2,4,3,3,3,3,2,3,4
2,2,1,17,3,1,1,1,1,3,1,1,3,3,3,1,1,3,1,3,3,1,1,1,3,3,3,3,3,3,3,1,3,1,3,1,3,3,3,3,3,3,3,3,1,4,0,4,4,2,2,3,3,3,3,3,1,3,1,1,4,4,4,1,1,4,3,2,1,0,2,1,1,2,1,1,2,4,1,1,2,3,3,2,1,0,3,1,4,4,4,2,4,4
2,2,2,20,4,1,2,1,1,4,4,1,4,1,4,4,1,4,1,1,4,4,4,1,4,4,4,4,1,4,2,1,1,4,1,1,2,1,4,4,1,4,4,4,4,2,4,2,0,2,3,3,2,2,2,1,4,3,1,4,3,3,1,1,1,4,4,3,2,2,2,2,1,2,4,1,3,2,4,1,2,0,2,4,1,3,2,2,4,3,3,1,3,3
2,2,1,18,4,2,3,4,3,4,3,4,3,3,4,4,3,4,2,4,3,0,3,4,3,3,2,3,3,3,4,3,4,3,3,4,3,4,3,3,3,3,3,2,3,3,3,4,1,2,3,1,2,2,4,0,3,0,1,4,3,2,3,2,1,4,1,3,1,4,3,2,4,2,1,1,3,3,2,1,1,1,2,3,1,3,4,2,1,3,3,1,2,3
2,3,1,19,4,1,1,1,4,4,1,1,4,4,4,4,1,4,1,4,4,2,2,2,4,4,4,4,4,1,1,1,1,1,1,3,3,4,2,4,4,4,4,4,3,2,2,1,4,2,2,3,2,4,4,2,2,1,3,2,4,2,1,1,3,4,4,3,2,3,2,2,1,2,2, ,1,1,2,3,2,3,3,3,4,2,2,2,1,1,3,1,1,1
2,1,1,14,3,1,1,1,0,0,3,1,3,3,3,1,1,3,1,3,3,3,3,3,3,3,3,3,3,3,1,3,3,1,1,1,1,1,1,3,3,3,3,3,4,4,4,3,0,3,3,1,1,2,3,1,1,3,1,4,2,2,2,2,1,4,2,4,2,2,0,3,1,2,3,1,0,1,4,2,1,3,3,4,1,2,3,2,3,1,3,1,3,2
1,2,1,16,4,4,4,1,1,1,1,4,4,1,4,4,1,1,1,1,1,1,4,1,4,4,4,4,4,1,1,1,1,2,1,4,4,1,1,4,0,4,3,4,1,1,4,3,4,3,1,2,0,2,1,1,2,1,1,0,2,1,2,1,4,4,4,1,2,2,2,3,2,1,3,3,2,1,4,4,1,3,1,4,0,4,4,1,4,3,1,3,1,2
1,3,1,26,1,4,1,3,3,4,1,3,2,0,2,3,1,4,0,3,1,4,3,4,4,4,4,4,4,1,1,1,1,1,4,4,3,4,4,1,1,1,2,1,1,1,4,1,2,2,1,4,1,2,1,2,2,2,1,3,3,2,1,4,1,1,3,2,1,2,1,0,1,4,1,3,3,3,2,1,2,1,2,1,4,2,3,4,4,1,3,0,1,4
2,3,4,23,1,2,3,1,2,1,1,1,1,2,3,4,1,3,2,1,4,1,1,1,1,4,3,4,2,1,1,1,1,1,1,3,2,4,1,1,2,4,4,3,1,4,1,1,2,2,2,3,2,4,1,1,3,3,1,2,2,2,1,1,4,4,4,1,1,2,2,4,2,2,1,3,3,3,1,1,1,2,4,3,1,3,3,4,2,4,2,1,1,2
2,2,1,20,1,3,3,1,1,3,1,1,1,1,1,1,1,1,1,1,3,2,1,1,1,1,1,1,1,1,1,1,1,3,1,1,1,1,1,1,3,2,2,1,3,2,4,4,4,1,1,1,1,2,1,1,1,2,1,4,3,3,2,4,3,4,1,2,1,3,0,3,1,2,1,3,3,2,2,1,2,2,1,4,1,3,4,2,4,1,3,1,4,4
2,2,3,20,4,1,1,1,1,4,4,3,4,4,4,4,1,1,1,4,4,4,3,1,4,4,4,4,4,4,2,3,3,4,4,3,4,4,3,4,3,3,4,2,4,1,3,1,4,2,1,1,1,1,3,4,3,1,1,4,3,3,1,1,1,2,2,2,2,4,1,1,1,1,1,3,2,3,2,1,3,2,3,4,3,2,3,2,1,4,4,1,3,1
2,3,2,16,3,1,1,1,1,1,1,1,1,3,3,3,1,2,2,3,3,3,3,1,3,3,3,3,3,1,1,4,3,1,1,1,1,1,1,3,3,3,3,1,2,1,4,3,4,4,2,2,0,2,3,1,3,2,1,3,3,4,1,1,1,1,1,3,2,2,4,3,3,1,1,3,3,3,2,1,2,4,2,0,1,3,2,1,2,1,3,1,0,1
2,2,3,17,4,1,1,1,1,4,4,1,4,4,4,1,1,1,1,1,4,4,1,1,4,0,1,4,4,1,1,1,4,4,4,1,4,1,4,4,4,4,4,1,2,2,2,1,3,2,1,3,4,2,3,1,2,1,1,3,1,3,3,4,4,3,4,2,1,4,1,2,1,2,3,3,1,1,4,2,3,3,3,3,3,4,4,1,4,2,2,2,3,2
2,2,2,24,4,1,1,1,1,4,4,4,4,4,4,4,1,4,2,4,4,4,4,4,4,4,4,4,4,1,1,1,1,1,4,4,4,2,4,4,4,4,4,4,1,3,3,3,4,4,3,3,1,2,4,1,3,3,1,2,3,4,2,4,2,4,4,3,4,2,2,2,4,3,1,3,1,1,2,1,3,2,3,1,1,3,1,1,4,1,4,3,2,3
2,2,2,20,4,3,0,4,1,1,3,1,4,3,4,4,1,4,4,4,4,4,1,3,4,4,4,4,4,4,3,4,4,3,4,4,3,2,1,4,4,4,4,1,1,2,4,1,3,1,1,3,4,0,0,0,1,3,1,4,2,2,2,1,4,3,3,1,4,2,0,3,1,3,3,3,3,1,3,3,4,1,3,3,3,1,2,4,4,1,1,2,4,2
2,4,1,19,4,3,1,1,4,3,2,4,4,2,4,4,2,2,1,1,3,3,2,1,4,3,2,4,4,4,3,2,4,2,1,4,3,3,3,4,3,3,3,3,1,4,1,2,1,2,1,3,4,2,4,1,0,1,1,0,0,3,4,1,2,4,4,0,2,2,3,3,4,4,1,3,1,1,3,0,2,2,2,4,4,4,4,2,2,1,0,0,0,2
2,1,3,18,4,3,3,2,2,4,3,4,4,3,3,2,3,1,1,4,4,3,1,1,4,4,3,3,3,1,1,2,1,3,2,1,2,1,1,1,3,3,4,3,1,4,2,3,2,3,1,3,4,2,1,4,3,3,4,2,2,4,4,0,3,2,1,2,1,2,2,1,1,3,1,3,3,1,1,1,2,3,4,3,3,3,4,1,1,1,4,1,4,3
2,1,2,25,3,1,1,1,2,2,1,2,1,1,3,1,3,4,1,1,1,1,1,1,4,4,4,4,4,1,1,1,2,1,1,2,2,2,1,2,2,2,2,2,1,3,3,3,4,4,3,3,1,2,3,2,3,3,1,2,3,4,2,3,2,4,4,3,4,2,2,2,4,2,1,3,1,1,1,1,2,1,4,1,1,3,1,1,4,4,4,3,3,1
2,2,2,18,4,1,4,0,4,2,4,4,4,4,4,1,1,4,1,4,1,4,1,3,0,2,4,1,4,0,3,1,2,1,1,2,2,2,1,2,2,2,2,2,1,3,3,3,4,4,3,3,1,1,4,1,3,3,1,2,3,4,2,4,2,4,4,1,1,1,1,2,4,3,1,3,1,1,3,3,3,1,3,1,3,0,1,0,4,0,0,0,0,0
2,3,3,20,4,4,4,4,4,3,4,4,4,4,3,2,1,1,2,4,3,2,4,4,4,3,4,4,0,4,4,1,2,4,4,3,2,3,3,3,4,4,4,3,1,3,3,3,0,4,1,3,1,2,4,3,3,3,1,2,3,3,2,4,2,4,4,3,4,2,0,3,2,2,3,3,1,1,2,1,3,3,3,0,1,4,4,3,1,1,3,1,1,3
2,2,1,18,3,1,3,1,1,1,1,1,4,1,3,3,1,3,1,3,4,4,3,1,3,3,1,1,3,3,2,2,2,3,3,3,3,3,1,3,1,1,3,4,4,2,3,1,4,1,3,3,4,2,2,0,3,3,1,3,2,2,4,1,4,2,4,0,4,4,0,3,4,4,0,3,2,2,1,2,1,1,2,1,3,3,0,2,2,2,4,1,3,2
2,2,2,17,4,3,2,4,1,4,2,1,1,3,4,3,3,2,3,1,1,1,2,4,4,4,3,2,3,4,4,4,3,4,4,3,2,4,4,4,4,1,4,1,3,3,0,4,2,2,1,1,1,4,3,0,4,3,4,4,2,2,4,4,2,4,1,3,3,2,2,3,3,2,0,1,3,3,2,1,2,2,4,1,1,3,0,1,1,3,1,2,1,3
2,2,3,17,4,3,2,1,1,4,3,3,4,1,3,1,1,3,1,3,1,1,3,1,3,3,3,3,3,1,4,4,1,3,4,1,1,1,1,3,3,3,4,4,3,3,0,4,2,2,1,1,1,4,3,0,4,3,1,4,2,2,4,1,4,4,2,3,1,2,1,3,1,4,4,2,1,3,2,1,2,2,4,1,2,3,3,1,1,1,1,2,1,3
2,2,1,21,1,3,1,1,3,3,2,1,3,1,3,3,3,1,1,1,3,3,3,1,1,1,3,1,1,1,2,3,2,3,1,3,4,1,3,1,4,2,4,3,3,3,0,4,2,0,1,1,3,2,4,2,4,3,1,1,2,2,3,1,4,4,2,3,1,2,1,3,1,4,4,2,3,3,3,2,1,1,2,4,1,3,3,1,1,1,1,2,1,3
0,0,0,24,4,1,1,1,1,4,1,4,4,4,4,1,1,4,1,4,4,4,1,4,4,4,4,4,4,1,1,1,4,4,1,1,1,4,4,4,4,4,4,4,3,4,3,4,2,1,2,3,4,2,4,1,3,2,1,2,3,3,2,4,1,1,1,3,1,2,2,2,4,4,1,3,0,4,4,0,1,2,2,1,1,3,3,2,2,2,1,2,3,3
1,2,3,17,4,1,1,1,2,2,2,3,2,3,4,0,3,3,2,4,4,3,4,2,4,4,4,4,4,1,2,1,1,2,1,2,2,1,0,4,4,4,4,3,1,4,2,1,4,4,3,3,1,1,4,2,3,3,1,3,4,3,2,1,3,4,3,3,1,3,1,1,3,1,1,3,3,1,0,3,1,4,3,1,1,4,2,2,4,2,1,4,2,1
2,3,1,20,4,1,1,1,3,4,3,2,4,4,4,4,1,4,1,4,4,4,3,4,4,4,4,4,4,1,1,1,1,1,1,1,4,1,1,4,4,4,4,4,1,4,4,3,2,1,1,2,1,2,2,3,1,1,1,2,0,0,1,2,1,4,4,2,4,4,2,1,2,4,3,1,3,2,4,4,4,3,1,3,2,3,2,4,2,4,3,4,1,0
2,2,3,19,4,1,1,1,1,4,2,2,1,4,4,4,1,2,4,4,4,4,2,2,4,4,4,4,4,1,4,2,1,4,4,1,4,2,1,4,4,4,4,4,3,3,0,1,4,2,1,0,1,2,1,1, ,4,3,1,4,4,4,4,2,1,4,3,1,2,0,4,2,2,2,3,2,3,4,3,2,2,2,1,1,3,4,1,1,4,4,2,1,2
2,3,4,19,4,1,4,1,2,3,3,3,1,1,4,4,2,3,3,4,4,3,3,2,4,3,3,3,2,2,2,2,2,3,2,2,4,4,4,4,4,3,4,2,3,3,2,1,4,2,4,0,1,2,1,2,3,3,4,4,2,1,4,1,1,1,1,3,1,2,4,4,2,2,2,3,2,2,2,2,2,1,1,2,1,3,3,1,1,4,1,2,1,3
2,2,1,18,1,4,4,4,4,1,1,1,1,1,4,4,2,4,0,4,4,4,0,3,4,4,4,4,4,2,3,2,3,2,4,3,2,4,2,3,2,3,3,2,3,4,0,3,3,2,4,1,1,3,1,0,1,1,1,4,3,3,1,1,4,2,3,2,2,4,0,3,0,0,4,1,1,1,2,2,4,1,2,3,3,1,1,1,4,1,1,1,1,1
1,2,1,18,3,1,1,1,1,2,1,1,3,2,4,2,1,1,1,1,1,1,1,1,4,4,4,4,4,1,1,1,1,1,1,4,4,4,1,4,1,4,4,4,2,4,0,1,0,3,3,0,4,2,3,1,3,3,1,4,2,2,4,1,1,1,4,2,2,2,1,3,4,4,3,3,3,0,4,4,2,2,1,1,1,3,3,3,4,4,4,1,4,4
2,1,2,20,4,1,1,1,4,4,4,4,4,4,4,4,4,4,3,4,3,3,3,4,4,4,4,4,4,3,3,4,4,4,3,3,4,4,4,4,0,3,3,4,1,3,3,3,4,4,3,3,1,2,4,1,3,3,1,2,3,4,4,4,2,4,4,3,4,2,2,2,4,3,1,3,1,1,3,3,3,2,3,1,1,3,1,1,1,1,2,3,2,3
2,1,2,19,3,1,1,1,1,4,3,2,2,3,4,3,1,1,1,1,1,1,1,1,4,4,4,4,4,1,1,1,1,3,3,1,2,2,2,4,3,1,1,1,1,2,4,3,4,2,3,3,1,3,2,2,2,3,1,4,3,2,2,3,4,3,4,1,2,0,2,4,1,3,1,3,3,1,2,2,3,3,3,4,1,4,1,1,1,3,3,3,3,3
2,2,3,19,4,1,1,1,1,4,4,2,4,4,4,4,1,3,1,3,4,4,3,2,4,4,3,4,4,3,2,2,2,2,1,1,3,2,2,4,3,3,3,4,1,3,2,0,2,2,3,3,2,2,1,2,4,3,1,2,3,2,2,1,0,2,4,3,2,3,1,2,1,2,3,3,3,3,4,1,3,1,3,3,1,3,4,2,2,4,3,2,3,1
1,2,1,19,4,1,1,1,1,4,1,1,1,4,4,4,1,4,2,4,4,4,4,1,4,4,1,4,4,1,1,1,4,4,1,4,1,4,4,4,4,4,1,1,1,1,2,1,2,1,1,3,4,2,1,3,4,2,3,4,3,3,2,1,1,2,4,4,1,2,2,3,1,2,4,1,1,1,3,1,1,2,3,4,4,2,2,2,3,2,3,3,1,4
1,3,3,17,3,4,4,4,1,4,4,1,1,4,4,4,1,2,1,1,1,1,1,1,4,4,4,4,4,1,2,1,1,1,3,3,3,3,3,1,1,4,4,4,4,1,4,4,3,2,1,3,4,2,3,1,3,3,1,2,3,4,1,2,3,3,4,2,2,1,2,2,2,4,1,3,4,2,4,1,4,2,2,4,2,3,2,2,2,3,3,2,1,4
2,3,3,19,2,1,2,1,3,1,1,3,1,1,3,3,1,3,3,1,2,4,2,1,3,3,3,3,3,1,1,1,3,1,1,2,2,1,3,3,1,2,1,3,1,4,4,2,3,3,4,0,0,3,1,0,3,1,1,4,3,3,1,1,1,2,4,2,4,1,0,3,4,1,3,4,3,1,3,1,2,1,3,3,3,3,2,1,3,2,2,4,1,2
2,1,2,19,3,1,1,1,3,0,1,2,1,3,3,1,1,3,1,3,3,3,1,3,3,3,3,3,3,3,3,1,1,3,3,1,1,1,3,3,3,3,3,3,3,1,4,3,2,1,3,3,1,2,3,1,3,3,4,4,3,3,3,1,2,3,1,3,1,2,2,4,3,2,4,3,1,1,4,2,2,2,0,3,4,4,4,1,3,1,1,2,2,3
2,3,4,19,1,3,3,3,1,3,1,1,1,3,4,4,1,3,1,4,3,3,4,4,4,3,4,4,4,1,1,3,3,3,0,3,1,3,3,4,4,4,3,2,3,3,0,4,2,2,1,1,1,4,3,0,4,3,4,4,2,2,4,4,2,4,4,3,3,2,2,3,3,2,2,1,1,3,2,1,2,2,4,1,1,3,3,1,1,3,1,0,1,0
1,2,3,17,2,1,1,1,1,4,1,1,2,4,3,1,1,1,1,3,3,1,1,1,3,3,3,3,3,1,1,1,1,2,1,3,1,1,1,3,1,3,3,3,3,3,2,1,4,2,4,1,1,2,1,1,4,3,1,4,2,2,4,1,4,4,0,3,1,2,1,3,1,4,4,1,3,2,1,2,1,2,2,4,1,3,3,1,1,4,1,2,1,3
2,2,0,21,2,3,4,1,1,1,1,1,1,3,4,4,2,1,3,1,1,1,1,2,4,4,2,3,4,1,1,2,2,2,2,2,2,4,2,3,4,4,4,1,1,1,3,1,4,2,4,3,4,1,1,2,3,3,1,4,3,3,1,1,1,3,4,3,1,3,2,3,1,4,3,2,1,1,1,1,2,2,4,4,4,3,2,2,3,2,2,2,1,3
2,3,2,20,4,3,4,1,4,2,3,2,3,3,1,2,2,3,2,1,1,3,2,2,2,2,2,2,4,4,2,2,3,2,2,3,2,2,4,2,3,2,3,2,2,3,4,1,2,2,1,4,1,2,2,2,3,1,1,4,2,3,3,1,2,2,4,2,2,3,1,1,1,4,1,1,2,1,4,3,2,1,3,4,1,2,3,2,2,2,2,1,2,4
1,4,1,18,3,4,3,4,2,1,2,4,3,4,3,3,4,3,3,3,3,3,4,3,3,3,3,3,3,4,4,4,2,1,4,3,2,1,4,3,3,3,3,1,1,2,1,1,3,3,3,3,1,3,3,1,4,3,1,3,3,4,1,1,1,4,3,3,2,2,1,3,3,2,3,1,2,3,4,2,3,2,4,2,1,2,3,2,3,1,2,1,3,2
2,2,3,19,3,1,1,1,1,3,2,3,1,2,3,1,2,3,2,3,2,3,2,1,3,2,3,2,1,3,2,3,2,1,3,2,1,3,1,3,2,3,2,3,3,3,1,1,3,1,2,2,1,1,1,1,1,3,1,3,3,4,1,3,1,2,4,2,1,2,1,1,1,3,1,1,2,3,1,1,1,2,4,3,4,1,3,1,4,1,3,2,3,1
2,2,1,31,4,1,1,1,2,3,1,1,1,2,4,4,1,3,1,2,2,3,1,2,4,4,4,4,4,3,1,1,1,2,3,1,2,2,1,4,4,4,4,4,1,2,3,3,4,1,1,3,4,2,1,1,3,1,1,2,2,3,1,3,2,2,2,2,3,2,2,2,4,1,2,3,2,1,4,3,3,1,4,4,1,3,4,1,2,1,1,2,1,4
2,2,1,20,4,1,3,1,4,1,3,4,4,4,4,2,1,3,4,3,2,4,3,1,4,4,4,4,4,1,4,1,3,3,2,3,4,3,2,1,3,4,3,2,2,1,1,1,3,2,1,2,4,2,1,1,3,3,1,2,2,3,2,4,4,2,4,3,1,2,1,4,4,2,3,3,3,1,1,1,2,3,2,1,1,4,1,4,2,3,2,2,1,3
2,2,3,20,3,1,1,1,1,3,3,1,3,3,3,1,1,1,1,3,3,3,1,1,3,3,3,3,3,3,3,1,3,3,1,3,2,3,3,3,1,1,2,3,1,1,3,1,3,2,3,0,4,2,1,0,3,3,1,3,1,0,3,4,4,0,4,1,0,2,2,4,1,2,3,3,1,1,4,2,3,3,3,3,3,0,4,1,4,2,2,2,2,2
2,3,3,24,4,1,1,1,1,1,4,1,4,4,4,3,1,1,1,4,4,4,1,1,4,4,4,4,4,4,2,2,2,2,1,3,4,1,2,4,4,4,4,1,1,3,3,3,4,4,3,3,1,2,3,1,3,3,1,2,3,4,2,4,2,4,4,1,1,2,2,2,4,3,1,3,1,3,4,1,3,3,3,1,1,0,1,1,4,1,2,1,1,3
2,2,2,22,4,1,1,1,1,4,4,4,4,4,4,4,2,4,1,4,3,4,1,1,3,1,3,1,3,2,4,4,3,3,2,3,2,1,3,4,2,3,1,2,1,3,3,3,4,4,1,3,1,2,4,0,3,3,1,2,3,3,2,4,2,4,4,3,4,2,0,3,4,2,3,1,2,4,4,4,3,2,4,4,1,4,3,2,1,1,4,3,3,4
2,3,2,22,4,1,1,1,4,3,3,3,3,4,4,3,3,3,3,4,4,4,2,1,4,4,4,4,4,1,1,1,1,1,1,1,2,1,1,1,1,1,1,1,1,3,3,3,4,4,3,3,1,2,4,1,3,3,1,2,3,4,2,4,2,4,4,3,4,2,2,2,4,3,1,3,1,1,3,3,3,2,3,1,1,3,1,1,4,1,2,0,2,3
2,2,4,25,4,1,3,1,1,4,1,4,4,4,4,4,1,1,1,4,4,2,1,4,4,4,4,4,4,1,4,1,4,4,1,4,1,4,4,4,4,4,4,4,1,2,4,1,1,1,1,3,4,2,1,1,3,1,1,4,3,3,1,2,2,2,4,2,1,2,2,2,4,1,1,3,1,1,4,2,2,2,2,4,3,4,4,2,4,1,1,2,3,2
2,3,3,18,4,1,4,1,1,3,3,1,3,3,4,4,4,4,4,1,1,1,1,1,1,1,0,3,4,1,4,4,3,4,2,2,1,1,1,1,1,4,3,1,1,1,2,1,2,2,1,2,4,1,2,2,1,0,2,2,0,0,1,4,1,3,1,3,2,4,1,3,2,1,4,3,3,2,4,4,4,2,2,2,2,1,3,1,4,1,3,2,1,2
2,2,3,16,1,1,1,1,4,4,1,4,4,1,4,1,1,4,4,4,1,1,4,4,4,4,4,4,4,1,1,1,4,4,1,1,1,1,4,1,1,1,3,4,2,4,2,3,2,2,1,2,4,2,1,3,3,3,1,2,2,1,1,3,2,4,2,2,2,2,2,4,1,2,1,3,4,3,3,1,2,2,1,2,1,1,1,1,2,4,3,3,3,4
2,3,3,14,4,1,1,1,2,3,3,1,3,4,4,4,1,1,2,4,4,3,2,3,4,4,3,4,4,2,1,1,3,3,2,3,3,3,3,2,2,2,3,1,1,2,4,1,0,2,1,3,1,0,0,0,0,3,1,2,3,4,0,0,4,3,3,3,3,0,2,4,2,2,1,0,0,0,0,0,0,0,0,0,0,0,0,0,2,0,0,0,0,0
2,3,2,26,4,1,1,1,1,4,2,4,4,4,4,4,1,4,1,4,4,4,1,4,4,4,4,4,4,4,1,1,1,4,1,1,1,3,2,4,2,2,4,4,1,4,3,4,2,1,2,3,4,3,3,1,3,2,1,2,3,3,2,4,1,1,4,3,1,2,2,2,4,4,1,3,0,4,4,0,1,2,2,1,1,3,3,2,2,2,4,1,1,4
2,2,3,13,2,1,2,1,1,1,1,1,2,2,4,2,2,3,1,1,3,3,1,1,3,3,2,3,4,3,0,1,1,1,1,1,1,3,1,3,3,3,3,1,0,1,4,0,4,0,3,0,4,2,0,1,1,2,0,0,0,1,3,1,3,3,3,3,1,3,2,4,2,3,2,3,3,3,4,3,2,3,2,4,4,4,4,2,2,3,3,2,3,4
1,2,0,20,3,3,1,1,1,3,1,1,3,2,3,1,1,1,1,1,1,1,1,1,3,3,3,3,3,1,1,1,1,1,1,1,1,1,1,3,3,3,3,3,3,4,4,1,4,2,1,3,2,2,2,1,3,3,4,4,3,4,1,3,2,3,4,2,2,2,1,4,1,2,1,1,4,1,2,2,3,3,3,4,3,3,1,4,3,4,3,1,1,3
2,3,3,28,1,3,1,1,0,4,1,1,4,4,1,3,1,1,1,1,4,1,1,1,1,1,2,3,3,4,1,1,1,1,1,2,1,1,2,4,4,4,4,4,1,2,3,3,4,1,1,3,4,2,1,1,3,1,3,2,2,3,1,3,2,2,2,2,3,2,2,2,4,1,2,3,1,1,4,3,3,3,1,4,1,3,4,1,2,1,1,2,2,1
2,2,3,22,3,1,1,1,1,3,3,2,3,3,4,3,1,3,1,3,3,3,3,1,4,4,4,4,4,1,2,2,3,4,1,4,4,3,4,4,3,4,4,4,3,1,2,2,4,3,4,3,2,0,1,2,4,1,1,2,3,4,1,3,4,3,1,2,4,2,2,4,2,2,1,3,3,2,4,3,3,2,3,1,4,3,3,4,3,1,3,3,2,3
2,1,2,21,4,1,1,1,1,4,4,4,4,4,4,4,1,4,4,4,4,4,4,3,4,4,4,4,4,1,1,4,4,2,4,4,4,2,0,4,4,3,2,1,2,2,3,1,2,1,3,3,4,2,2,0,3,3,1,3,3,3,4,2,0,3,3,2,1,3,1,3,2,2,1,3,2,2,4,3,3,2,4,1,1,3,3,1,2,1,3,2,4,4
2,3,3,20,2,4,1,1,1,3,2,1,1,4,4,2,1,2,3,1,4,4,2,2,4,4,4,2,4,1,1,1,1,3,1,1,1,1,2,4,3,3,4,1,1,4,4,2,1,4,4,4,4,2,3,3,1,3,1,4,3,3,1,1,1,4,3,3,4,2,1,4,2,4,1,3,4,1,1,3,1,2,1,4,3,4,1,2,4,2,3,1,3,4
1,2,1,13,4,1,1,1,1,4,4,4,4,4,4,3,4,3,4,1,1,1,1,1,4,4,4,4,4,1,1,1,1,1,4,4,2,1,2,3,3,4,3,4,3,4,2,4,3,1,3,1,4,3,2,1,1,3,4,2,2,2,3,1,4,2,2,4,1,3,1,3,4,2,4,3,4,2,4,2,2,1,1,3,3,2,2,1,3,1,4,1,0,0
2,3,3,21,4,2,1,1,4,4,3,2,3,4,4,3,1,2,1,4,1,4,1,3,4,4,4,4,4,1,2,2,1,3,1,4,3,1,1,2,0,2,2,2,3,4,3,4,4,2,1,2,3,2,3,2,1,3,1,2,4,3,2,1,0,3,0,2,3,0,1,3,1,3,1,3,0,1,1,4,3,3,2,3,4,3,2,2,2,4,2,3,4,4
1,2,2,21,2,4,3,4,3,4,3,2,4,4,4,3,2,4,1,4,3,2,3,4,4,3,2,4,2,4,4,4,3,1,4,3,1,3,2,4,3,2,1,4,1,4,3,4,2,2,3,0,2,2,3,1,1,3,1,3,3,2,3,2,4,3,2,1,1,3,3,2,4,3,3,3,1,1,3,3,2,1,2,4,1,1,2,3,4,2,4,2,3,1
2,3,1,17,1,1,1,1,3,1,1,1,3,3,3,1,1,3,1,3,3,3,3,3,3,3,3,3,3,3,3,1,3,1,1,3,3,1,1,3,3,3,3,3,2,4,2,3,0,3,4,1,3,2,1,2,3,3,1,4,3,4,3,4,3,2,1,2,1,3,3,1,4,2,3,3,3,2,1,4,2,2,3,3,2,3,2,1,3,1,1,2,3,2
2,3,4,11,1,1,1,1,1,4,1,4,1,3,2,1,1,1,2,4,3,4,1,0,4,3,2,4,1,4,1,1,1,4,3,2,4,3,1,1,2,2,1,4,3,3,0,4,0,2,1,1,1,4,3,1,4,3,4,4,2,4,4,1,2,0,1,3,1,2,2,3,3,2,0,2,0,3,2,1,2,2,4,1,1,2,1,1,1,3,1,2,1,2
2,2,1,24,2,1,1,1,1,2,1,1,1,1,4,2,1,3,1,1,1,1,1,1,4,4,4,4,4,4,1,1,1,1,4,2,2,4,4,2,1,1,1,1,1,2,3,1,3,1,2,3,4,2,4,2,3,1,1,2,1,4,2,1,1,4,4,3,1,3,2,4,2,3,3,3,1,3,4,3,1,4,4,1,1,3,4,2,1,3,2,2,4,4
1,2,3,25,4,1,1,1,4,4,1,4,4,4,4,4,1,4,1,4,4,4,1,4,4,4,4,4,4,4,1,1,1,4,1,1,4,1,1,4,4,4,4,4,1,4,3,4,2,1,2,3,4,2,3,1,3,2,1,2,3,3,2,4,1,1,3,3,1,2,2,2,4,4,1,3,0,0,4,0,1,2,2,1,1,3,3,2,2,2,1,1,1,4
2,2,1,19,4,1,1,1,1,4,1,1,4,1,3,2,3,4,0,3,4,2,4,2,2,4,3,3,1,1,3,3,2,1,4,3,2,4,1,4,2,4,3,1,2,2,2,4,3,2,1,3,4,2,2,1,0,1,1,3,1,2,3, ,4,4,4,4,1,2,2,4,1,2,3,3,1,1,4,2,3,3,3,3,3,4,1,4,2,2,2,2,2,2
2,2,1,24,4,4,4,1,4,1,1,1,1,1,4,4,1,1,1,1,1,1,1,1,1,4,4,4,4,1,1,1,4,1,1,1,4,4,4,4,4,4,4,4,1,4,3,1,1,3,1,3,4,2,1,1,3,2,1,2,1,1,2,3,1,1,2,4,1,2,1,4,1,2,1,3,3,4,3,2,3,2,4,1,1,3,1,1,4,1,2,2,1,4
2,1,3,16,4,1,1,1,2,4,3,2,1,4,4,2,1,1,1,4,4,1,1,1,4,4,4,4,4,1,3,1,4,4,1,4,1,3,1,4,1,4,4,4,1,3,2,1,2,2,1,1,1,3,1,1,4,3,1,3,2,4,4,4,3,3,1,1,4,1,1,3,4,0,1,3,2,2,3,2,4,1,1,2,4,2,3,1,4,4,1,1,4,2
2,2,1,18,1,1,1,1,0,0,1,1,1,3,3,1,1,0,3,1,1,1,1,1,3,3,3,3,3,1,1,1,1,1,3,3,3,4,3,1,1,1,1,1,4,4,2,1,3,2,1,3,0,2,4,1,3,3,1,2,2,1,1,1,0,2,4,4,1,2,2,0,4,3,2,3,3,3,4,3,1,0,0,3,3,1,0,0,2,1,0,2,3,0
2,3,4,18,4,2,0,3,1,4,4,3,2,1,4,4,3,2,4,3,2,4,4,3,1,2,2,4,4,1,3,4,2,0,4,2,4,2,1,4,4,2,1,1,2,4,2,4,1,4,4,3,2,4,2,1,4,1,1,0,2,2,4,3,2,3,3,2,4,1,1,2,4,2,3,2,2,1,4,4,3,2,1,3,1,3,2,3,1,1,4,2,1,3
2,1,2,23,3,1,1,1,3,4,1,4,2,3,4,2,4,1,4,3,1,4,4,4,4,4,3,1,3,4,3,3,4,3,4,1,4,3,4,4,1,3,4,4,1,3,3,3,4,4,3,3,3,1,2,2,3,3,1,2,3,3,4,2,3,2,4,3,3,0,0,3,4,2,1,3,1,1,1,3,2,1,4,3,1,1,3,0,4,4,4,2,3,1
2,2,2,17,4,3,4,2,4,4,4,4,4,4,4,2,2,4,4,4,4,4,4,4,4,4,4,4,4,3,4,4,3,4,3,3,2,2,4,4,3,3,4,4,4,4,3,2,3,2,1,3,4,2,1,0,1,3,1,2,4,4,2,1,2,2,2,3,4,3,2,2,2,4,2,3,4,1,4,2,2,3,3,1,4,3,1,2,4,4,2,1,1,4
2,1,1,22,4,1,1,1,1,4,1,1,4,4,4,4,1,1,1,4,3,4,1,4,4,4,4,4,4,1,4,4,4,4,1,1,4,4,1,1,1,1,1,1,2,2,2,4,2,2,1,3,4,2,4,2,4,3,1,4,1,3,3,4,1,3,4,3,1,2,1,4,1,2,3,3,1,3,4,1,3,3,3,3,3,3,3,1,4,2,2,1,2,3
2,2,3,21,4,1,3,1,1,4,3,3,4,3,3,3,2,2,2,2,3,2,2,1,4,3,3,4,4,2,1,2,1,3,1,1,1,2,2,2,2,2,2,1,2,4,4,1,2,1,1,3,4,2,4,1,3,1,1,4,3,4,1,3,2,2,3,2,2,2,2,4,1,2,1,3,3,1,4,1,1,2,1,4,2,3,4,1,2,2,2,1,3,2
2,1,3,17,3,3,1,1,1,2,3,2,3,2,4,4,3,4,3,4,3,2,3,1,4,3,4,3,2,1,2,4,3,4,2,4,2,4,2,1,1,2,2,2,4,1,4,1,4,2,3,2,1,2,3,2,3,1,2,3,2,4,4,1,1,3,2,2,3,2,2,2,2,4,4,4,4,3,4,1,3,2,1,4,1,3,4,2,2,4,3,2,2,2
2,3,3,22,1,1,1,1,1,1,1,1,1,1,3,1,1,1,0,1,1,1,1,1,1,1,1,1,1,3,3,1,3,3,3,1,3,3,3,1,1,1,3,3,2,1,3,1,3,2,1,3,1,4,4,1,3,3,2,2,2,4,1,1,2,2,4,2,2,2,2,2,1,3,2,3,1,2,1,3,1,2,2,2,3,3,4,1,4,2,3,1,2,4
2,2,1,17,1,3,1,1,1,1,1,1,1,1,3,3,1,1,1,1,1,1,1,1,3,3,3,3,3,3,3,1,1,1,3,3,3,3,3,1,1,1,1,1,3,3,0,4,2,0,0,1,1,4,3,0,3,3,1,4,2,2,4,1,4,4,2,3,1,2,1,3,1,4,4,2,1,3,2,1,2,2,4,1,2,3,3,1,1,1,1,0,1,0
2,2,3,14,4,1,1,1,2,4,3,4,4,4,4,4,2,1,1,4,4,2,1,3,4,4,4,4,4,1,1,1,1,4,1,4,1,1,1,1,1,1,4,4,2,4,3,3,0,2,4,0,4,2,2,0,3,3,1,2,2,3,4,3,3,2,4,0,1,2,1,0,3,3,3,1,4,2,4,3,2,2,2,4,0,1,2,3,2,4,3,0,3,0
2,3,1,25,4,1,4,4,1,4,1,1,1,4,4,4,1,4,2,4,4,4,2,1,4,4,1,4,2,1,2,2,4,4,4,4,4,2,1,4,4,4,4,1,2,2,2,1,0,1,1,3,4,1,2,2,3,3,4,2,1,2,1,3,4,4,4,1,1,2,2,4,1,2,3,4,1,1,2,3,3,1,3,3,1,3,3,2,3,3,4,3,3,3
2,2,3,21,2,1,1,1,1,3,2,1,2,4,4,2,1,2,1,4,4,4,2,1,4,4,1,3,4,4,1,1,1,2,3,2,4,3,2,4,4,4,4,2,1,1,3,4,3,2,1,3,4,2,2,1,3,1,1,3,1,0,3,4,4,0,4,1,1,2,2,4,1,2,3,3,1,1,4,2,3,3,3,3,3,4,4,1,4,2,2,2,2,2
2,2,1,25,4,1,2,4,1,4,1,1,1,4,4,4,1,4,2,4,4,4,1,1,4,4,4,4,4,1,1,1,1,1,1,1,1,1,1,1,1,1,1,2,2,1,2,1,3,2,2,1,4,1,2,2,3,3,4,2,1,2,3,2,4,4,2,1,1,2,2,4,1,2,0,3,1,1,2,3,3,1,3,3,1,3,3,2,4,3,4,3,3,3
2,3,1,16,1,4,1,1,1,1,1,1,1,4,4,1,1,1,4,4,4,4,1,1,4,1,1,4,1,2,1,1,4,4,1,1,1,3,4,1,1,1,1,1,2,3,1,1,3,2,1,2,4,1,2,2,4,3,4,2,2,4,3,2,2,3,4,3,1,2,3,2,4,2,3,3,1,1,2,2,2,3,2,3,1,4,4,2,3,3,4,3,3,3
2,1,3,25,3,1,1,1,4,0,1,0,2,4,4,4,1,3,3,1,3,3,3,1,3,3,3,3,1,3,3,1,3,2,3,3,4,2,1,3,1,1,3,3,2,1,2,1,1,2,1,3,2,2,3,2,3,1,1,4,3,4,4,3,4,4,1,4,1,4,0,3,4,1,3,3,1,1,4,1,1,3,2,1,1,4,0,2,4,1,3,0,1,3
1,2,3,25,3,1,1,1,4,3,1,1,3,3,4,4,1,4,3,1,1,1,1,1,1,1,1,1,1,1,3,3,1,1,4,4,1,4,4,3,3,3,3,3,1,4,3,4,2,1,2,3,3,2,3,1,3,2,1,2,3,3,2,4,1,1,4,3,1,2,2,2,4,4,1,3,0,4,4,0,1,2,2,1,1,3,3,2,3,2,1,0,0,3
2,2,1,16,4,1,1,1,1,3,4,1,1,4,4,1,1,4,1,4,4,1,1,4,4,4,4,4,4,1,4,1,1,4,1,4,1,1,1,4,4,4,4,4,4,1,2,1,0,1,3,3,4,2,1,3,3,3,1,3,1,4,1,4,2,4,4,3,1,2,1,2,1,1,1,1,2,1,3,1,3,1,3,4,1,4,4,2,1,2,3,3,3,2
2,1,1,19,3,4,2,1,4,4,1,3,4,4,4,3,1,4,2,4,4,1,4,3,2,4,4,4,4,1,1,1,1,1,1,4,3,4,1,4,1,1,3,4,2,4,2,4,4,3,2,3,2,2,2,2,3,3,1,2,2,1,3,2,2,4,3,2,4,1,2,3,1,1,4,3,2,1,2,1,3,2,4,3,1,2,3,4,3,2,4,1,2,2
2,3,3,20,3,1,1,1,1,4,3,1,2,3,4,4,1,2,1,2,3,1,1,1,4,4,4,4,4,3,1,1,2,2,2,1,1,2,2,4,4,4,2,1,0,2,2,1,0,1,2,3,1,2,1,1,3,3,1,4,3,0,2,4,4,3,1,2,1,2,2,2,4,0,2,3,3,2,2,0,4,2,3,3,3,0,4,2,2,4,4,3,2,3
2,3,3,19,2,2,2,1,3,4,2,3,1,2,4,2,3,2,3,4,3,3,4,2,4,3,2,3,4,3,2,3,2,3,4,2,3,3,2,3,1,3,2,4,1,2,2,0,3,2,2,3,4,1,3,1,3,3,1,2,2,3,1,2,1,2,1,3,2,2,2,3,1,3,1,1,3,3,2,1,3,1,2,2,3,2,4,1,3,1,3,2,2,3
1,2,3,28,4,1,1,1,1,4,2,4,4,4,4,4,1,4,1,4,4,4,1,4,4,4,4,4,4,1,1,1,1,4,1,1,1,1,3,4,3,2,1,1,1,4,3,4,2,1,2,3,4,2,3,1,3,2,1,2,3,3,2,4,1,1,4,0,1,2,2,2,4,4,1,3,0,4,4,0,1,2,2,1,1,3,3,2,2,2,1,1,1,4
2,3,1,21,2,1,1,1,1,2,2,1,2,4,4,3,1,2,2,4,3,3,1,2,4,4,2,2,2,1,1,2,2,2,1,1,2,1,1,3,2,3,2,2,3,2,4,1,3,2,3,3,1,2,1,1,2,3,2,4,3,3,1,4,4,4,4,2,2,2,1,2,1,1,1,3,1,1,4,1,1,2,4,4,1,3,4,4,2,4,1,2,1,0
2,1,2,18,4,3,4,0,4,2,1,0,1,1,4,4,4,1,1,1,3,4,1,1,4,1,1,4,4,4,4,1,1,1,1,1,1,1,1,4,4,4,4,4,0,0,2,1,2,2,1,2,1,1,1,1,1,3,1,2,1,2,1,1,1,2,1,2,1,2,1,2,2,1,2,2,1,1,1,2,1,1,2,1,1,1,3,2,4,1,1,1,2,3
2,1,3,25,3,1,1,1,1,3,2,1,4,4,4,4,1,3,3,4,4,4,3,4,4,4,4,4,3,1,3,1,1,4,1,4,3,1,1,3,3,3,3,4,4,1,2,1,1,2,1,3,1,2,3,1,3,1,1,2,3,3,1,2,3,2,1,2,1,2,3,3,4,1,3,3,1,1,4,1,3,2,1,1,1,1,4,1,4,1,3,2,1,1
2,3,2,17,0,1,1,1,1,3,1,1,1,3,3,3,1,3,3,3,3,3,1,1,4,4,4,4,4,3,3,4,4,2,3,3,3,3,3,2,1,2,4,2,2,2,0,2,4,0,3,3,4,1,1,0,3,2,1,1,2,2,2,1,1,4,4,4,1,2,1,1,1,1,1,3,1,2,2,2,2,2,3,3,1,2,1,0,3,1,3,1,1,0
0,0,0,18,2,3,4,3,3,4,3,2,4,4,3,4,3,2,1,4,3,2,1,4,4,3,2,4,4,4,4,4,3,2,1,4,3,4,4,4,3,4,4,4,1,4,2,1,3,4,3,4,1,2,4,2,1,1,3,2,4,2,2,2,1,3,1,2,3,4,4,3,1,1,3,4,4,4,3,1,3,1,4,3,1,3,2,4,2,1,3,4,3,3
0,0,0,19,4,3,3,1,1,4,1,4,4,4,4,4,4,4,4,1,4,4,1,1,4,4,4,4,4,1,1,1,1,1,1,1,1,1,1,4,4,4,4,4,1,2,3,4,2,1,3,0,4,2,2,2,3,3,3,3,4,2,4,2,4,3,4,1,1,3,2,3,1,2,1,3,4,2,4,4,2,2,2,4,3,1,2,0,4,3,4,1,2,4
2,3,3,16,4,1,1,1,3,4,3,3,3,3,4,4,1,2,2,4,4,4,1,1,4,4,4,4,4,1,1,1,1,3,1,1,1,1,3,3,1,3,1,4,0,0,0,0,0,0,2,2,1,4,4,0,0,0,0,0,0,0,0,0,0,0,0,0,0,0,0,0,0,0,0,0,0,0,0,0,0,0,0,0,0,0,0,0,0,0,0,0,0,0
2,2,3,20,1,1,1,1,0,1,1,1,2,3,3,2,1,1,1,2,3,3,1,3,3,3,4,4,4,2,4,1,1,4,1,4,4,2,2,1,4,4,4,2,2,4,3,1,4,2,4,3,2,2,4,3,3,3,1,1,2,2,4,4,1,4,4,3,1,2,2,1,1,2,3,3,2,2,2,3,2,2,2,4,1,2,3,2,2,4,1,1,3,4
2,1,3,20,4,1,1,1,1,3,1,2,2,3,4,1,2,4,3,4,3,2,1,1,4,3,3,3,3,2,2,4,4,4,3,2,1,3,2,2,3,2,2,4,4,4,1,1,4,4,2,2,1,2,3,1,1,3,1,4,1,2,2,0,2,1,2,2,2,3,2,2,4,3,2,3,0,1,4,1,2,4,4,1,1,3,3,4,1,1,3,2,3,2
2,3,3,18,4,1,1,1,2,3,3,1,3,4,4,4,1,1,2,4,4,3,2,3,4,4,3,4,4,2,1,1,3,3,2,3,3,3,3,2,2,2,3,1,4,2,4,1,0,2,3,3,1,2,0,0,3,3,1,0,3,4,4,4,1,4,3,0,0,0,1,2,2,1,3,4,1,1,2,1,3,3,2,3,4,2,4,4,2,4,4,2,1,3
2,2,3,16,1,4,2,1,1,1,2,1,1,1,4,3,2,1,1,1,2,1,2,4,4,4,4,4,2,1,1,3,2,2,1,2,1,2,1,2,1,2,2,2,3,1,3,4,3,4,2,2,4,3,2,4,3,3,2,1,3,1,3,2,1,1,3,3,2,2,1,3,1,3,2,3,4,4,2,1,2,3,3,1,3,2,2,3,2,1,1,4,3,3
2,2,4,18,4,3,1,1,1,3,3,3,3,3,3,4,3,3,2,3,4,4,3,3,3,2,2,1,1,1,1,4,4,3,3,3,4,3,3,3,1,1,3,3,1,3,2,2,3,1,1,2,4,2,1,2,1,3,4,3,1,2,3,1,4,4,3,2,1,3,2,3,2,1,4,3,1,3,4,1,3,1,2,4,4,2,3,1,1,1,2,2,4,2
2,2,3,20,3,4,3,2,3,4,3,4,3,3,3,4,4,3,3,3,3,3,4,4,3,3,3,3,3,4,4,4,4,3,4,3,3,4,4,3,4,3,3,3,4,3,2,3,0,1,2,1,3,2,3,1,2,3,1,4,4,2,4,3,2,3,2,2,1,2,1,4,4,1,2,3,2,2,2,3,2,3,3,1,4,4,3,3,4,1,2,3,2,2
1,2,1,19,4,4,3,0,0,1,4,3,4,4,3,2,4,3,4,2,3,2,1,1,4,3,2,2,3,4,3,3,4,3,4,3,4,3,2,3,1,2,4,2,1,3,1,4,2,2,4,2,3,2,2,2,3,3,1,1,2,1,2,4,1,3,4,2,4,3,2,2,1,1,1,1,1,1,4,3,1,1,4,3,4,4,4,3,4,3,2,3,2,2
2,2,3,19,3,1,1,1,3,3,3,1,3,3,4,1,1,1,2,3,3,3,3,4,4,4,4,3,3,1,1,1,3,3,1,3,0,1,1,3,4,3,3,3,4,4,3,4,4,1,3,3,4,2,1,1,3,1,1,4,3,2,3,1,1,4,1,1,1,2,3,3,1,2,4,3,2,1,4,2,1,2,3,4,1,0,0,1,4,3,0,1,2,3
2,1,3,30,3,1,1,1,1,3,3,1,3,4,4,4,1,3,2,4,4,4,1,4,4,4,4,2,4,2,1,1,1,1,1,1,1,1,1,4,2,2,2,2,4,2,3,1,2,0,1,3,2,2,3,3,3,1,1,4,3,0,1,2,2,2,1,2,1,2,1,4,4,1,1,3,1,1,4,3,3,3,2,1,1,3,1,2,4,1,3,2,1,3
2,3,3,41,3,3,3,3,3,3,3,3,3,3,3,3,3,3,3,3,3,3,3,3,3,3,3,3,3,3,3,3,3,3,3,3,3,3,3,3,3,3,3,3,3,4,2,4,2,1,1,1,1,0,3,2,3,1,1,4,3,3,1,3,4,3,3,2,3,2,2,2,4,2,2,3,1,4,1,4,3,1,2,3,1,3,3,4,4,1,4,3,1,4
2,2,4,43,1,1,1,1,1,1,1,1,1,1,1,1,1,1,1,1,1,1,1,1,1,1,1,1,1,1,1,1,1,1,1,1,1,1,1,1,1,1,1,1,1,4,2,4,2,1,1,3,2,4,3,2,3,1,2,4,3,3,1,3,2,4,2,3,3,2,2,4,2,2,2,3,2,4,1,4,3,1,2,4,1,3,3,4,4,4,4,4,1,4
2,2,2,37,2,1,2,3,4,3,2,1,2,1,1,2,2,1,3,2,1,3,2,2,2,1,2,3,2,2,1,3,3,2,3,2,1,2,3,3,2,1,2,3,1,3,2,3,1,4,4,1,4,1,1,1,3,2,1,1,2,3,1,4,4,0,2,2,3,2,2,4,4,2,2,3,1,4,1,4,3,1,2,3,1,3,3,4,4,1,4,4,1,4
1,2,2,32,2,2,2,2,2,2,2,2,2,2,2,2,2,2,2,2,2,2,2,2,2,2,2,2,2,2,2,2,2,2,2,2,2,2,2,2,2,2,2,2,1,4,3,1,2,1,1,4,2,4,3,2,3,1,1,4,3,3,1,3,1,4,2,3,3,2,2,2,2,2,2,3,2,4,1,4,3,2,2,3,1,3,3,4,4,4,4,4,1,4
2,4,4,25,1,1,1,1,1,1,1,1,1,1,1,1,1,1,1,1,1,1,1,1,1,1,1,1,1,1,1,1,1,1,1,1,1,1,1,1,1,1,1,1,3,1,4,0,4,1,4,1,1,4,4,4,3,1,1,2,3,3,4,3,1,4,2,3,3,2,2,4,2,2,1,4,2,0,2,1,3,3,3,4,1,4,2,1,1,1,4,2,2,1
2,1,1,6,3,3,3,3,3,3,3,3,3,3,3,3,3,3,3,3,3,3,3,3,3,3,3,3,3,3,3,3,3,3,3,3,3,3,3,3,3,3,3,3,3,4,4,4,4,2,2,2,1,4,3,4,2,3,4,3,2,2,3,1,4,0,3,2,1,3,1,3,1,1,1,4,2,3,4,3,2,2,3,1,2,4,4,3,2,2,4,3,2,1
1,1,2,45,2,2,2,2,2,2,2,2,2,2,2,2,2,2,2,2,2,2,2,2,2,2,2,2,2,2,2,2,2,2,2,2,2,2,2,2,2,2,2,2,1,4,3,1,2,1,4,1,1,4,4,4,3,1,2,4,3,4,1,3,1,4,4,3,3,4,2,4,2,2,2,4,2,4,1,4,3,2,3,4,4,3,3,1,4,1,4,3,1,0
2,3,2,29,4,4,4,4,4,4,4,4,4,4,4,4,4,4,4,4,4,4,4,4,4,4,4,4,4,4,4,4,4,4,4,4,4,4,4,4,4,4,4,4,1,4,2,4,2,1,1,4,2,4,3,2,2,3,2,3,2,2,3,1,4,2,2,1,3,1,2,2,4,4,4,3,1,3,4,3,2,1,2,3,4,3,3,4,4,4,4,4,1,4
